Protospacer,classification
GACGGAGGCTAAGCGTCGCAA,non-targeting control
GCGCTTCCGCGGCCCGTTCAA,non-targeting control
GATCGTTTCCGCTTAACGGCG,non-targeting control
GGTAGGCGCGCCGCTCTCTAC,non-targeting control
GCCATATCGGGGCGAGACATG,non-targeting control
GTACTAACGCCGCTCCTACAG,non-targeting control
GTGAGGATCATGTCGAGCGCC,non-targeting control
GGGGCCCGCATAGGATATCGC,non-targeting control
GTAGACAACCGCGGAGAATGC,non-targeting control
GACGGGCGGCTATCGCTGACT,non-targeting control
GCGCGGAAATTTTACCGACGA,non-targeting control
GCTTACAATCGTCGGTCCAAT,non-targeting control
GGCGTGCGTCCCGGGTTACCC,non-targeting control
GCGGAGTAACAAGCGGACGGA,non-targeting control
GCGAGTGTTATACGCACCGTT,non-targeting control
GCGACTAACCGGAAACTTTTT,non-targeting control
GCAACGGGTTCTCCCGGCTAC,non-targeting control
GCAGGAGTCGCCGATACGCGT,non-targeting control
GTTCACGTCGTCTCGCGACCA,non-targeting control
GGTGTCGGATTCCGCCGCTTA,non-targeting control
GCACGAACTCACACCGCGCGA,non-targeting control
GCGCTAGTACGCTCCTCTATA,non-targeting control
GTCGCGCTTGGGTTATACGCT,non-targeting control
GCTATCTCGAGTGGTAATGCG,non-targeting control
GAATCGACTCGAACTTCGTGT,non-targeting control
GCCCGATGGACTATACCGAAC,non-targeting control
GACGTTCGAGTACGACCAGCT,non-targeting control
GCGCGACGACTCAACCTAGTC,non-targeting control
GGGTCACCGATCGAGAGCTAG,non-targeting control
GCTCAACCGACCGTATGGTCA,non-targeting control
GCGTATTCGACTCTCAACGCG,non-targeting control
GCTAGCCGCCCAGATCGAGCC,non-targeting control
GGAATCGACCGACACTAATGT,non-targeting control
GACTTCAGTTCGGCGTAGTCA,non-targeting control
GGTGCGATGTCGCTTCAACGT,non-targeting control
GCGCCTAATTTCCGGATCAAT,non-targeting control
GCGTGGCCGGAACCGTCATAG,non-targeting control
GACCCTCCGAATCGTAACGGA,non-targeting control
GAAACGGTACGACAGCGTGTG,non-targeting control
GACATAGTCGACGGCTCGATT,non-targeting control
GGATGGCGCTTCAGTCGTCGG,non-targeting control
GATAATCCGGAAACGCTCGAC,non-targeting control
GCGCCGGGCTGACAATTAACG,non-targeting control
GCGTCGCCATATGCCGGTGGC,non-targeting control
GCGGGCCTATAACACCATCGA,non-targeting control
GCGCCGTTCCGAGATACTTGA,non-targeting control
GCGGGACGTCGCGAAAATGTA,non-targeting control
GTCGGCATACGGGACACACGC,non-targeting control
GAGCTCCATCGCCGCGATAAT,non-targeting control
GATCGTATCATCAGCTAGCGC,non-targeting control
GTCGATCGAGGTTGCATTCGG,non-targeting control
GCTCGACAGTTCGTCCCGAGC,non-targeting control
GCGGTAGTATTAATCGCTGAC,non-targeting control
GTGAACGCGTGTTTCCTTGCA,non-targeting control
GCGACGCTAGGTAACGTAGAG,non-targeting control
GCATTGTTGAGCGGGCGCGCT,non-targeting control
GCCGCTATTGAAACCGCCCAC,non-targeting control
GAGACACGTCACCGGTCAAAA,non-targeting control
GTTTACGATCTAGCGGCGTAG,non-targeting control
GTTCGCACGATTGCACCTTGG,non-targeting control
GGGTTAGAGACTAGGCGCGCG,non-targeting control
GCCTCCGTGCTAACGCGGACG,non-targeting control
GTTATCGCGTAGTGCTGACGT,non-targeting control
GTACGCTTGCGTTTAGCGTCC,non-targeting control
GCGCGGCCCACGCGTCATCGC,non-targeting control
GAGCTCGCCATGTCGGTTCTC,non-targeting control
GAACTAGCCCGAGCAGCTTCG,non-targeting control
GCGCAAGGTGTCGGTAACCCT,non-targeting control
GCTTCGACGCCATCGTGCTCA,non-targeting control
GTCCTGGATACCGCGTGGTTA,non-targeting control
GATAGCCGCCGCTCATTACTT,non-targeting control
GGTCGTCCGGGATTACAAAAT,non-targeting control
GTAATGCTGCACACGCCGAAT,non-targeting control
GTATCGCTTCCGATTAGTCCG,non-targeting control
GGTACCATACCGCGTACCCTT,non-targeting control
GTAAGATCCGCGGGTGGCAAC,non-targeting control
GGTAGACGTCGTGAGCTTCAC,non-targeting control
GTCGCGGACATAGGGCTCTAA,non-targeting control
GAGCGCAGATAGCGCGTATCA,non-targeting control
GGTTCGCTTCGTAACGAGGAA,non-targeting control
GGACCCCCGATAACTTTTGAC,non-targeting control
GACGTCCATACTGTCGGCTAC,non-targeting control
GGTACCATTGCCGGCTCCCTA,non-targeting control
GTGGTTCCGTAGGTCGGTATA,non-targeting control
GTCTGGCTTGACACGACCGTT,non-targeting control
GCGCTAGGTCCGGTAAGTGCG,non-targeting control
GAGCACGTAATGTCCGTGGAT,non-targeting control
GAAGGCGCGCGAATGTGGCAG,non-targeting control
GACTGCGGAGCGCCCAATATC,non-targeting control
GCGTCGAGTGCTCGAACTCCA,non-targeting control
GTCGCAGCGGCGTGGGATCGG,non-targeting control
GATCTGTCCTAATTCGGATCG,non-targeting control
GTGCGGCGTAATGCTTGAAAG,non-targeting control
GCGAACTTAATCCCGTGGCAA,non-targeting control
GGCCGTGTTGCTGGATACGCC,non-targeting control
GTACCCTCCGGATACGGACTG,non-targeting control
GCCGTTGGACTATGGCGGGTC,non-targeting control
GGTACGGGGCGATCATCCACA,non-targeting control
GAAGAGTAGTAGACGCCCGGG,non-targeting control
GAAGAGCGAATCGATTTCGTG,non-targeting control
GCGGCTCGTTCTACGCACTGA,non-targeting control
GTCCAGCGCGAGCTTACTCGT,non-targeting control
GGGAGTGGTCCCGTACGCAAC,non-targeting control
GCAAGACCTTATCGTGCAGCG,non-targeting control
GACGTCGTTTAGCACCCGGCT,non-targeting control
GTTTCAGGCTACGGGCGCGGG,non-targeting control
GCAATCGGCGACGTTTTAAAT,non-targeting control
GGTACCCCTATGGCCGTTCTA,non-targeting control
GTACCCACGCGTATTCCATCT,non-targeting control
GCTTGTTGCGTATACGAGACT,non-targeting control
GGAACGCCGCTCAAGTTGATA,non-targeting control
GCGCAGTACGTATAGACTTAA,non-targeting control
GGCGAACCCCGTAGCCAGGCT,non-targeting control
GCCTCGGGCGTAAATACTCAT,non-targeting control
GAGGGCACCCGGTTCATACGC,non-targeting control
GCACGGCCTAACTTGCTGATA,non-targeting control
GCCGGGAGATTAACGTTAATT,non-targeting control
GATCTCGGGTCGACTGCGGAT,non-targeting control
GCGCCGGGACCGTTAGGGAAT,non-targeting control
GGCAAACCCGAGTGACACGTC,non-targeting control
GGTGCGTGAGTATTAACGCTC,non-targeting control
GGCTTAACCTATCCGCCAGTA,non-targeting control
GTGGCCACGAATTCCGCCGCC,non-targeting control
GGTAAGGCCCGCGTACGAGCT,non-targeting control
GCTCCTTACGTCGGGCATTAA,non-targeting control
GATTCCTTCGGCGCTCTGCGT,non-targeting control
GATGCGCTTTAATCGCCGTTC,non-targeting control
GTTAGCCCTCGATTGGTTGCG,non-targeting control
GAACGCTGTCGTACGTGTATA,non-targeting control
GTAACGCGCATATCTGAACAC,non-targeting control
GCGCTAGGTTATTTCGTGGCC,non-targeting control
GAATATTTGGCTCGGCTGCGC,non-targeting control
GCAATATCGGGTGCTACAGGA,non-targeting control
GCGGCCGCATCCTGTTATATT,non-targeting control
GCTGGATCGCCCGCAGAAATA,non-targeting control
GATTAGCACGGCGACCTTCTA,non-targeting control
GTGGAAATCGACTGTGCGCTT,non-targeting control
GATTAGCCGTTGCCATATCAA,non-targeting control
GACCCGATAATAGCTACTGGT,non-targeting control
GATTCAGCGCGCTCGCCCTGG,non-targeting control
GCCCGCCGAAGACCCTGCTTG,non-targeting control
GTGCCGTGAAAAGACGCTGCG,non-targeting control
GCTTACGCGCCTGGTCAAAAG,non-targeting control
GCGCATAAGTCGATAGACACA,non-targeting control
GGTCATCAGCGATTTGACGAG,non-targeting control
GCGAATCGGAACTTTGTACCG,non-targeting control
GAGGTCAAGCCGACCTCGAAC,non-targeting control
GTGCGCCTTACTCGTTAACTG,non-targeting control
GATCTGAGCGTTTTCGGCCGC,non-targeting control
GACGGTACATGCGCATGAGTC,non-targeting control
GTGACGCGATAGAGTTGGCTT,non-targeting control
GTTCACCGTCCACGTGCGCAT,non-targeting control
GTTCTTCGGCCTACACCCGGT,non-targeting control
GGGAATTACGACTAACCGATT,non-targeting control
GTGCGGGGAGCTCTCTTAATG,non-targeting control
GTAGAGATATCCGATCGTGGT,non-targeting control
GGGGTGCCCACTAATAGCCGC,non-targeting control
GTGCAGTCGCGCTGAGCGTCA,non-targeting control
GGGATTGAATGGCTAACGCGG,non-targeting control
GGCGGTTCCGGGAGCACATTT,non-targeting control
GGAAGACGTGCTGGCGTCACC,non-targeting control
GGGCGCATTAAAGTCGAGAGC,non-targeting control
GGACGTAGCCTTCCGAAATAT,non-targeting control
GGGTTCGAGACCTACTTAAGT,non-targeting control
GTGAAGTGGGGCGTCGGACAC,non-targeting control
GCTATATTGTCGCGCAGTGGA,non-targeting control
GCGGCTTTGTTGCCCGTAAGC,non-targeting control
GTCCCGGTTGGTGAACGATAC,non-targeting control
GTTAACTCGAACGCTCGAAAG,non-targeting control
GGGACTATCCACCGTTTACTC,non-targeting control
GCAGTAGCGATCGAATGTCAA,non-targeting control
GTAGGCGCCCGTAGCATTGGA,non-targeting control
GGCGGCGTCTGGGAATCGTTC,non-targeting control
GCAGTGTCCGAGCGATATTTT,non-targeting control
GTTCAATCACCTCACGGTAAG,non-targeting control
GCGGTTTACATCTGCCCATCG,non-targeting control
GGGGCGTGTATGTTCGTATTG,non-targeting control
GGCGGCGTCATCCACGCGTGC,non-targeting control
GGGGTATAGACGCGATCCTCA,non-targeting control
GACAGCGCTCTCGTGTACTAT,non-targeting control
GACTAGCCTGTTCGCGAGTAG,non-targeting control
GGACCGCGTGAGATAACGTCA,non-targeting control
GCGCGTGCATCTGCCGAAGGC,non-targeting control
GAAAACATCGACCGAAAGCGT,non-targeting control
GACACCGAAGCACCTGTACGT,non-targeting control
GGGGTCGAGGACTAATAGATT,non-targeting control
GACGCCTCCTCAAATTAGCTC,non-targeting control
GCCTACGCGGTAGGGAACTTT,non-targeting control
GAAGCACTAGTCCGTATGATG,non-targeting control
GAGGCGCCAACATTGACCGTA,non-targeting control
GTAATCATGCACATTCGGGAC,non-targeting control
GCGTCGGGTAGCTATTTCTTT,non-targeting control
GGTGCGACGAATTGTCCTGAG,non-targeting control
GCTTCCGTTATTCGGAAGTGA,non-targeting control
GTACTGGAGTTTGCGACTCGG,non-targeting control
GATCCAGATCACCACGCGTCA,non-targeting control
GCGTTAAGACTAGCTCGGTTT,non-targeting control
GATACGGCCGAAGCCCCTTCA,non-targeting control
GAACATCTCGTTAGGGGTATC,non-targeting control
GGTCAGGTAATAGTCGGACTC,non-targeting control
GTTCGAGGTCCGGACAGGTCG,non-targeting control
GTGAGCATTCGTAGCCCAGCA,non-targeting control
GTAAGGCGACCTGCGCTTGTG,non-targeting control
GAGCTGCGCGCTACTGGATCA,non-targeting control
GGCAAAAACCCAACGCTATTC,non-targeting control
GGCCGCCGATTTCATAAGTAA,non-targeting control
GGTTCCGTGAGGGTTACTTCA,non-targeting control
GCGGGGAATTGCACGGCGGAA,non-targeting control
GTGTCTTTAAACACGCCATCG,non-targeting control
GACAAAATGCCGTGCGTCAAT,non-targeting control
GACGCTCAGCACCCGCTATGC,non-targeting control
GCGAAACCCTCTTAAGTTAAC,non-targeting control
GTAAACCCTTGGCGCCCTCAC,non-targeting control
GCCATTCTCAACCGGTCCAAT,non-targeting control
GGTTATTGACCCGTCGGGAGT,non-targeting control
GGGTTTCACTTCGAGACCGGC,non-targeting control
GCTTTGATAACGTGGGCGGTA,non-targeting control
GCCCCAACTTTCGCGACTCCG,non-targeting control
GCAAACAGTCTAAGGCGACGA,non-targeting control
GCGGCACACCAATGCGTTCGT,non-targeting control
GATCGATATACCGCCATAAAA,non-targeting control
GGGGACGCGAAAGAAACCAGT,non-targeting control
GAACGCGAGTCCGGTGGCTAG,non-targeting control
GTGTCATTAGCGTAACGATAT,non-targeting control
GAGGGCGAGCAGCAGAGTACG,non-targeting control
GCCGTCTCCGCATCGTCTTTT,non-targeting control
GCGTGCGTGAAATCGCTAGCT,non-targeting control
GATCAGGCCTTGTCCGTGATT,non-targeting control
GCGTCCAGAAGAACGGCCCCT,non-targeting control
GAGAGCGTCTTCGTGACAAAC,non-targeting control
GGATGGCGCGCAGTTGAGTCA,non-targeting control
GACGCTGACGAGTAAAAGCGG,non-targeting control
GTATCAATCGTCCGGGTCACT,non-targeting control
GTCAGATTCCGCAAGGGTCCA,non-targeting control
GGCGATCGGAGTGCCACGATA,non-targeting control
GATATAAACTGTCGCGGTAAA,non-targeting control
GGTTACCTGCTACGAAAACGA,non-targeting control
GGAAGCGATCCGAGAGTGTAT,non-targeting control
GATGACATTGCGCGTCTACGG,non-targeting control
GATACCAGATGCGTCCGCTTG,non-targeting control
GAACGTGCTGACGATGCGGGC,non-targeting control
GCGGCACCTGTTAGGCTATTC,non-targeting control
GAGGATCGTGTACCGGGGACG,non-targeting control
GCGACAACGTGCAGGTGTATC,non-targeting control
GACTCGAAATCACCTATGGTA,non-targeting control
GTCTCGTAGCCTAATGCGCCA,non-targeting control
GTTATGTGAGCACGCCATTAC,non-targeting control
GCGACGGTAATGCACCTACTA,non-targeting control
GATCTGTGTGACTGCGGTCGG,non-targeting control
GTGGAAAGCGAGCACACCGTC,non-targeting control
GCAGCGCCGAAACTCTTTCCG,non-targeting control
GTGCCGTTAGCATGCGATCCC,non-targeting control
GTCGTAAACACACGACCAAGT,non-targeting control
GACTACTCCGGCAAATACTCG,non-targeting control
GGCCCTTCAATGCGTTCCGTA,non-targeting control
GCAACACCCCGCGTTATGCTA,non-targeting control
GGCTGATATATACGACAAGCC,non-targeting control
GGGTATTCCGAAGTCCTCCGC,non-targeting control
GGGTCGCCTGTGCGACATGCT,non-targeting control
GCTAATCACGACCTCACCCTA,non-targeting control
GATCGGTACCTCTTCACATAT,non-targeting control
GTTGCGTCAGCGCTGCACATC,non-targeting control
GCGGTGTGCCCCCAAATATTG,non-targeting control
GCGTGCGGTAAATACGAAATA,non-targeting control
GATACGAGGCGCTTTTCTTTG,non-targeting control
GTGTGCACAAGTCGCAACGAA,non-targeting control
GCTCGGCCCACTTGCGTTATA,non-targeting control
GTATACTGCGGATCAATCTGA,non-targeting control
GAAAGCGACGTAGGCATACTT,non-targeting control
GACGATCGGTAATGGTCTGTT,non-targeting control
GGGGCCTACGATCAGAGGTGT,non-targeting control
GCGCAGTCATTCGATAGGAAT,non-targeting control
GGGCGATTCGGGTGGAGGTCG,non-targeting control
GAGTTGAATGGACCTCGACTA,non-targeting control
GGAGTAATTTCGAACGTATTG,non-targeting control
GTTCCACGGTAAAATCGGTCA,non-targeting control
GACTGTTGCCGCGCCAACTGC,non-targeting control
GCCGGCAAGAAACTATACTTG,non-targeting control
GTAGTGGGAATGGTCGCGTAG,non-targeting control
GCCGCTGTCTCACTAATCTCA,non-targeting control
GTGCTACCTTCGGGACCACCA,non-targeting control
GCTTAGCTGACCGACAAGGTG,non-targeting control
GCTTAAGCTTATCAACATCCG,non-targeting control
GACGGAAAGACCTCGCTATTC,non-targeting control
GCCCTTCTGGCGGGCCAAACA,non-targeting control
GTCTGACGATTAATGCTTCTA,non-targeting control
GGCGGAATGAACACGAGGTAG,non-targeting control
GCAGACGGTTGGTAAGGACGC,non-targeting control
GGGGACTGATATATGGCGAAC,non-targeting control
GAGAAGACCGAGGCGCTTCAA,non-targeting control
GCAGGTTTGCACGCATAGCTA,non-targeting control
GGGCCGTCGTATTCCCCCAAG,non-targeting control
GCTCCCATTGATCTACGATGG,non-targeting control
GTTTCGTGCCGATGTAACACA,non-targeting control
GATCACGTGATCGGATGGTTC,non-targeting control
GGCCTATCGGCATTCCCACTG,non-targeting control
GCAACGACGGGCCTAGTCTCA,non-targeting control
GATATTTCGGCAGTTGCAGCA,non-targeting control
GGATATCCCGCGAAAAAATCT,non-targeting control
GTCACTTGTCTATACGGGGTA,non-targeting control
GATGTTATTACAGACGCGTGT,non-targeting control
GTGGGAATTCCTCGGCCGATT,non-targeting control
GCGCCTCTCACGTGTAGGCTT,non-targeting control
GGGGCGCTAAGATATATGCCC,non-targeting control
GCGTCATATACACAAACGCCC,non-targeting control
GCGTTGGGCATAGCGAACACT,non-targeting control
GGCGGGGCGGTGACTTTCAAG,non-targeting control
GAAGGGCGTGCCCTGCGTTGT,non-targeting control
GGCGTTCCCCCACTGACGGGG,non-targeting control
GGATCCAGGAGTGATCGAGTA,non-targeting control
GAGCATTTGCGCGGCAACTGT,non-targeting control
GTTGTCCCTGAGAAAACGCGG,non-targeting control
GGTCCTCATCCGGTCAGGCTG,non-targeting control
GTATAGCTGTTTCGAAGGCGC,non-targeting control
GCGTGGTAGGGGTTTCCTCAA,non-targeting control
GCCATCACCGATCGTGAGCCT,non-targeting control
GTGAATCGTAACCTCGCCATT,non-targeting control
GAAGAAGGGCCGTACCCGAAA,non-targeting control
GCGTGTTTGGAATTTGCCGCG,non-targeting control
GCAAGTGAGCATAAGCGATGT,non-targeting control
GAGGACTAGTGTCGCACTCAG,non-targeting control
GGGCACTCCGAAAGACCTTAT,non-targeting control
GCCCAGGTGTATAATGAAACG,non-targeting control
GGACCGCAAAGTGGTCCGAAG,non-targeting control
GGTTGCGAGTTACTATTGGTT,non-targeting control
GTCTAAAGCCGTCCTGATGTT,non-targeting control
GGCCGTGGTATCAAGTCGGTA,non-targeting control
GCGCAATCCCTTAGGATAGCC,non-targeting control
GATAGGCACCTTAAGGGTCTC,non-targeting control
GTTTGGGTTTATCCGCCCCCA,non-targeting control
GCTAGAGGGGTATAGCAACAA,non-targeting control
GCTCGGGACTAACGTGAGAGC,non-targeting control
GCCCCGTAGCTCATTAGTCTG,non-targeting control
GGAAAACACGATGACGTCTCT,non-targeting control
GGACGCCCTAATGCCCATCGT,non-targeting control
GGGATATTGAGTAAACCCGAT,non-targeting control
GTGACTCGGGCAATATCGGTT,non-targeting control
GGATCTAGTCCTCTAATCGAT,non-targeting control
GCATAAGGTTAACTGCGTGGA,non-targeting control
GGGTACCTGAACAACGGCACC,non-targeting control
GTGGCGGCCCAAACTTAACAC,non-targeting control
GGGGCGGTCAGGTCGCTCCGA,non-targeting control
GTCCGGAGGCTCAAACCAAGT,non-targeting control
GGCTTGCTATATGGGTGCGAG,non-targeting control
GTCGGCTACGGCGTGGAGAAG,non-targeting control
GCCCGTGGCGTGCGCACCTGT,non-targeting control
GGGCTGGTTGACGACTCCTGA,non-targeting control
GGGTGCGGTCTGCTTGTAGAT,non-targeting control
GTGCCTATGACCTAGGTACCA,non-targeting control
GGACAGATCACGTATCAGGGC,non-targeting control
GGAGGTATGTCATCGCCATGA,non-targeting control
GGCCATTCTAGTCCCGGCATA,non-targeting control
GTGAATCGAATACAAACGATG,non-targeting control
GGTTACGTACCCTCCAACTTC,non-targeting control
GCCAATGATAAGCCCGAACGG,non-targeting control
GAGCGATTCACGTATTAGATG,non-targeting control
GGCCAACAAGAATCGGATCCC,non-targeting control
GACTTACGGCACTCGCATGCC,non-targeting control
GGATATGGCTCGAGTAATCTT,non-targeting control
GGTATCCCATATCGGCACAGG,non-targeting control
GATGCTGCAGCTTTACGATCA,non-targeting control
GGAGTGATGCTTAGACTCCGT,non-targeting control
GACATACCCCCCTGGTTCAGA,non-targeting control
GGCCCCTTATGATTGTTATAG,non-targeting control
GAGGTCGGCCGAACATACGGT,non-targeting control
GATTGCGCAATCCTTAGGATA,non-targeting control
GGAAGCGGGACCGTGTCTCAC,non-targeting control
GGTGTATGATGCTTCGACTTA,non-targeting control
GCCTACTCCCGTGTGTTATCC,non-targeting control
GACAGCCCTCACGAGCCCGAA,non-targeting control
GGCTGTTGTAACGGTAGATAT,non-targeting control
GTACGAAACATCATGGGTTCC,non-targeting control
GCGCACGACCATTGCTGCTGC,non-targeting control
GCATTGCACGCCACAGCATTG,non-targeting control
GCGATGCCCGTCTATGGCCCG,non-targeting control
GCCAGCAATACCCCGGTATGG,non-targeting control
GTCGAGATGCGCAGCAGATGA,non-targeting control
GACGGGGTGAAACCATGTCGT,non-targeting control
GCCTTGGCGAGACGGAGGTAC,non-targeting control
GCCATAGCTCTAGCGATAAAC,non-targeting control
GAGCTAGCGATGGCTCTAAGT,non-targeting control
GCGGGTCTCCAAAGATCGCTT,non-targeting control
GGGTCCGCGCACAAGAGCAGG,non-targeting control
GCAACCGGCGGGCCCCTACAA,non-targeting control
GTCCTCGATAGCTGGAATCCA,non-targeting control
GTACGGATCACCAAATCTTAG,non-targeting control
GCTCGCACCATTGAGGGTAGT,non-targeting control
GTCGGGGACCACCCACGATCC,non-targeting control
GCCTGCGGTGCACGGCTAGCC,non-targeting control
GACCGCTCATATAGGTAAAAA,non-targeting control
GAGTATTGTGGTGTCGTCAAC,non-targeting control
GTGACGCTCCACGTCCGGACC,non-targeting control
GGCTCGCAAGTATTTAAGGAC,non-targeting control
GGCCAGGGTTCTTGGTCCCGA,non-targeting control
GGTCGCTGCGCCAGTGAGAAC,non-targeting control
GCCCGCTAACAGCCTAGATCA,non-targeting control
GTTGTACGGTACTGGCTTTGT,non-targeting control
GCAGGCTGCGCTTCGCAAGCT,non-targeting control
GGCCTAGTCTCGGTAAGAGTG,non-targeting control
GGGACGCACCATTCCGGGTGA,non-targeting control
GGATTGTGGTCGCTCAAAACC,non-targeting control
GCTATAACCGAATCAAAGGGT,non-targeting control
GAAATTGGCTTTCGTTCGTGC,non-targeting control
GTCACCTCCGAACGAACACCT,non-targeting control
GGGAGATGCGGCCTTCTCAAA,non-targeting control
GCTTAGGATTCCGAGGTATCT,non-targeting control
GGAACTGGCAAACAGGCGTGG,non-targeting control
GCCTGTCGCTATCGTTAGAGA,non-targeting control
GATAGCAGGACGAGGTTCCTT,non-targeting control
GGGCGTCAAAATTAGAAGCCG,non-targeting control
GTCGGCTACAATCTTTGGCAT,non-targeting control
GGCACGCTGTACAGACGACAA,non-targeting control
GGAGAGCGTTAGCGTGGGATG,non-targeting control
GTTCAATTCACCGAGGGCGCA,non-targeting control
GTTCGTGGTAGGTATAACTAT,non-targeting control
GTGAGCGGCCTCTAATTAATC,non-targeting control
GCGCTAAATTGTCACACGTTT,non-targeting control
GGGTTAACATCGCCACTCTGA,non-targeting control
GGTTTCTCTTGAACCCCGCGA,non-targeting control
GATGTCTAGACCTAATCGTTT,non-targeting control
GATTCATGCGCCGCCTCCTCT,non-targeting control
GACCCATTGAGAGTCGCCTGA,non-targeting control
GCACCCGGAACCACTACTGAG,non-targeting control
GGCTGAACGCCGACAGGACGG,non-targeting control
GGCCCAGACGCCCTAGAATAG,non-targeting control
GGGGATGCGTCTTGCTAAACC,non-targeting control
GATCGTTGCTGACAGGATCTA,non-targeting control
GTAGTCTCACCTGATGGCGTG,non-targeting control
GCCCTACCTATCCGGTGCTTT,non-targeting control
GGTTATCCTGTCGAAGTAAAG,non-targeting control
GTACTTTTTGGAATCCGTCTA,non-targeting control
GCAGCGGTGCTATTTGGTCTT,non-targeting control
GCTGCGTGTCTTGCTCGCATG,non-targeting control
GCCTAGTTCATAAGCTACGCC,non-targeting control
GTGTCTTCGGATAGGCGGCTT,non-targeting control
GCGCACATCTAAAGTTACTAC,non-targeting control
GGTAGGGTACAGCGTCAGCTT,non-targeting control
GGAAATGCTATGCTTCGGTTC,non-targeting control
GTCAACCCCAGCGCACCGTTG,non-targeting control
GAATGCGAGTGTATCCGCAGT,non-targeting control
GTTTATGCATTTAATACGCCG,non-targeting control
GCATTGCACTCGTTGCCAACG,non-targeting control
GGCCCCGTAAATCTCATTACA,non-targeting control
GTCCGTCTGCTTCATGAGCGG,non-targeting control
GCTCGGAATACTCCTATTACA,non-targeting control
GCTAACGGACTGCAGAACGGA,non-targeting control
GACAAAGATCGCATGGCATAC,non-targeting control
GATCTTCTCGACGAAAATGCG,non-targeting control
GCATGGCCTACGGTGTCTTTG,non-targeting control
GCTGGCCGAATCTCACTATGT,non-targeting control
GGGGGCTTACGTGAAGGGCGG,non-targeting control
GACACCCATTCTCATAACGGA,non-targeting control
GGGCCACGAAGGGCGAAAAGG,non-targeting control
GTAACCGATACTCCCCACATT,non-targeting control
GGCACATCGTTATATACCAGA,non-targeting control
GCGAGCAAAGATTGTTGGATA,non-targeting control
GGCCACACGAATCATAAAGAG,non-targeting control
GGAGAGTGCGCCTTGATAGTA,non-targeting control
GGGATTTGTCGCTTGCCACAC,non-targeting control
GGGCTTACGTGGGGGGCAAAA,non-targeting control
GCGTTGTAGGGTCTTTCTTGA,non-targeting control
GATTGCTCTGTCGCATCAATC,non-targeting control
GCTCAGTGGATACGATTTGCT,non-targeting control
GACTACTGGCTATCCGCGCCA,non-targeting control
GACCCAATGTGGCGGAGCCGA,non-targeting control
GACCTATAATCGACCACATTT,non-targeting control
GTAGGAGCTGTATCTAGTGGC,non-targeting control
GCCAATCTTGAACGTCATGTT,non-targeting control
GACCCATATATGCTGCCGCAC,non-targeting control
GGCCAGGGTATGGGCATCTCG,non-targeting control
GCATAGGTCCCTAGCAACTCC,non-targeting control
GATACGCATGATTGCAAGAGG,non-targeting control
GTTCGTAGGAACTAAACTGTA,non-targeting control
GTTTGGTCAACGCATAGCTTG,non-targeting control
GCGGTGCTGTGAAAGCCGAGC,non-targeting control
GGGCCCTCTAGAAAAGTCTCG,non-targeting control
GACGGTTATGGTCTCATGGGG,non-targeting control
GAACTAGAATAGGCGGGCTTG,non-targeting control
GTAATCACATTGCTTAACCGG,non-targeting control
GACTGCTCCCGGTCGCCCCTC,non-targeting control
GCGCCCGTTTATGTGGCTACC,non-targeting control
GGAGTACAGCGATTCCTCATG,non-targeting control
GTTTCTAGTTACTACTGGACG,non-targeting control
GCACGCACAATCCTTCACGCA,non-targeting control
GTGCCGCTATACTAAAACCTT,non-targeting control
GGTTTACTCATATCCAGTCAC,non-targeting control
GTCGGCTCCTGAAGCCAGTAT,non-targeting control
GTCGATGTAGCCCCGCCCAAG,non-targeting control
GAGACCCCGTAGGCAGGACGT,non-targeting control
GTCCCAAGGGTTTAAGTCGGG,non-targeting control
GTATACCAGACCACAGCGCCG,non-targeting control
GCGTGCCTTTACATTCACTTT,non-targeting control
GTTTTGACTCTAATCACCGGT,non-targeting control
GGCTGTTCCGAAGTTGAGAAT,non-targeting control
GGCTTAAGTCACGGCTTTCCA,non-targeting control
GACTAGAGTCATGATCAGCGA,non-targeting control
GCTGCCCCAGGCGTAATCCTC,non-targeting control
GGTCCCGTGATTTTAGCCAGG,non-targeting control
GGCTTCGCTGGCAGGACCTCA,non-targeting control
GCGTAATTTTGTAATCGCTTC,non-targeting control
GAGTCTTGGCCAATGTCACGG,non-targeting control
GCCCGGACGTCAAAGCTGGAT,non-targeting control
GGGTCTCACCTGCACCCCGAA,non-targeting control
GGGTAGACGGGGCATCTCAGC,non-targeting control
GATGTAACGAGTTGTAAGTCA,non-targeting control
GTAGTCAACATTCGCAAGAGG,non-targeting control
GTTTACGAAGTATACCAGGTC,non-targeting control
GGTAGCTGCTGTAAATCGCAT,non-targeting control
GCGAAACCTCCTAACTGAGAG,non-targeting control
GATAAGCCACACTACCCGCCT,non-targeting control
GTACGTAAGTGACGACAGGAA,non-targeting control
GCTTTATCTGGCGTGGGGTAT,non-targeting control
GTTAATTTGGGTGGGCCCTGC,non-targeting control
GCCACTGGTAAAGGCTAGACT,non-targeting control
GCCCCTATGCAGACTACAATT,non-targeting control
GCTGGTGACCGACAATTACAC,non-targeting control
GCTGTCCACCTACAGCGATGT,non-targeting control
GACGTGGGGACATATACGTGT,non-targeting control
GTCTGGCTTGCACCGTGTCAT,non-targeting control
GGTCCAATAAAAAGTGCCACT,non-targeting control
GGTTCCCCGGGAAGTCTATGC,non-targeting control
GCTGACGTGTCTGAAATGAGT,non-targeting control
GATTTCCCTACGGAGATATCC,non-targeting control
GATCAAGTCAGGTTATGCGGG,non-targeting control
GGGATACCTGGGCCGACTTTC,non-targeting control
GCTCCGTTATGTGGCATGAGA,non-targeting control
GCGCAGGCTAGATGACACCAG,non-targeting control
GTTCGGAACTTACTCAGGGTA,non-targeting control
GGCGGGCAGAACGACCCTGAC,non-targeting control
GATAGGTCATCCACTGGGCGG,non-targeting control
GAAGCGGGCACACATGACAAG,non-targeting control
GCCGTGTTCCACAACTACCCT,non-targeting control
GGTAAAGAAGCGGAAAGGTCC,non-targeting control
GGCCTGCCCTAAACCCCGGAA,non-targeting control
GTACGTCATTAAGAGTTCAAC,non-targeting control
GCGATGGATCCCTAGTTCCTG,non-targeting control
GGCTGCGGCGAGATCACATAA,non-targeting control
GCGCGCACCACGGGCGCGCAC,non-targeting control
GCATTGTATGAACGCAATAGC,non-targeting control
GCAGAGCCTTGCGCAATTTTG,non-targeting control
GTGCAGGTCTAGGTCCCAAAG,non-targeting control
GCCGCGCATTTCAGAGCACAA,non-targeting control
GAAAACAGGACGATGTGCGGC,non-targeting control
GACCTATTGTCCCTTCAAGCT,non-targeting control
GAAAAAGCTTCCGCCTGATGG,non-targeting control
GTTGCAAAGCTGATCGGCTGT,non-targeting control
GAAAATTATCGGAAACGGTAG,non-targeting control
GCTGTATTAACGAACCTTGTG,non-targeting control
GAGTCATAACTGAGTGAATCG,non-targeting control
GTAGTTACAGACTCAGCGGGT,non-targeting control
GCCAGGCTGAAGTTCGTACCT,non-targeting control
GTATTTATACACTATGCGGCA,non-targeting control
GCACTTACACATGAGGCGGTA,non-targeting control
GTTTCGCCCAAGAGGCTTGGG,non-targeting control
GCGCGTGTAGCTGGAGACAAG,non-targeting control
GCGGAGTTAACCTGGAACCTT,non-targeting control
GAGCGCTCTGGTTGCATCCCT,non-targeting control
GATAGAAGTGTGACCGCTGGG,non-targeting control
GGGTTGCTGTGACGAACGGGG,non-targeting control
GGTATTAAGATGCGTCTTAGA,non-targeting control
GGGCCACAAAAACTCGCTAAG,non-targeting control
GTCTCTCGGAGTGGAGCAACA,non-targeting control
GGAACCGACTTGAAGGGGGCT,non-targeting control
GACTGAGTGGGTAACACGCAT,non-targeting control
GCCTAAGGGGTACCACCATGG,non-targeting control
GTCCCCGAGACCATCTTAGGG,non-targeting control
GCCTAAACTCAGACGCACTAC,non-targeting control
GTACCCTGGATTGTCCTTGCG,non-targeting control
GACGCCATATTTCTGGCTCTA,non-targeting control
GCATCTGTAGGGTTGCAAGCC,non-targeting control
GTAGCTCGAGTCATTTCTCTA,non-targeting control
GTTTAACTGTCCCGGTGTGCA,non-targeting control
GCCTCGTCCAGATTCCGGCGG,non-targeting control
GAATGGGTTGCCGGGAGTAAA,non-targeting control
GTGGATCGGCAGTGGTACTGG,non-targeting control
GAAATACAAGCTATAGCGATA,non-targeting control
GCATGAGCGCATTGAATAATA,non-targeting control
GGACTTTGGTTGAGCTTCAAT,non-targeting control
GGTTGGCATATTGGCCCAGAC,non-targeting control
GGGAACCCTCCCTGCGATAGA,non-targeting control
GCTCACGGGGACATACAGGGC,non-targeting control
GGATCATAATCGCTTCAAGCA,non-targeting control
GCGACCCGGAGGATGAGATGT,non-targeting control
GTATTTTGACTTGACGCAGGC,non-targeting control
GCGGGATGGTCCCTGCCGAGA,non-targeting control
GTAGATTGGCCCCACAAAGCG,non-targeting control
GCCACACCTGTCTAGCATGAC,non-targeting control
GGAACCCAACCTTTTACCGCA,non-targeting control
GGTACACACTTATGCCATCAC,non-targeting control
GGAGTCGAAGATGGTCTAGGA,non-targeting control
GTTCCTGCCCGAACTGCAGAA,non-targeting control
GCGGCTGAGGCACCTGGTTTA,non-targeting control
GAGGTTGAATACCCCTTACTA,non-targeting control
GCCTGCGCGTAGAACAGTGGT,non-targeting control
GCACGCTTCTGCCATCACCGG,non-targeting control
GAATCGCAGGTATCCCAGAGC,non-targeting control
GTCGGGCAGTGAGTACAATAC,non-targeting control
GGAGACCACTTTCGTGCAAGC,non-targeting control
GTGTCCCTTGCAACCTCCGTT,non-targeting control
GACAAACGACCTTGAGCAGGG,non-targeting control
GGTACATTCCAGTATTCACGC,non-targeting control
GGGAGAGGGCCCGCGAACTCA,non-targeting control
GGGCTGGTTGACCTTCCCGCT,non-targeting control
GGATGTGATCTATGGTTGCGA,non-targeting control
GACGTCAACTGCTGGAGTGGG,non-targeting control
GATTTAAACCGTTACACAGTC,non-targeting control
GCACGCCAACTAAAACTGCAG,non-targeting control
GCCTAGAGGTCCCAAGGCGTG,non-targeting control
GCCGTTGATCCCCAGGCGTGC,non-targeting control
GCCTCGATGGTCACCTGTAGC,non-targeting control
GGTGCGCATGGGCTGATGTTA,non-targeting control
GAGACTCGTATTGTCATATTA,non-targeting control
GGGATCTAGCTACCTCAAAAG,non-targeting control
GAGAACCCAGACGCCAGCGGT,non-targeting control
GCGAACTTCTGGCTGCAGTTT,non-targeting control
GATATGACAGGGCAAACGCAT,non-targeting control
GGGGACATCCTTGCCGTCTCA,non-targeting control
GAGCATTCTCACCAAGACCGA,non-targeting control
GATAGTAACGTCAGGGAGTAA,non-targeting control
GCGAATATTATTTCTATCGGG,non-targeting control
GGAGTGTAAGCTAACACTCTG,non-targeting control
GATACAATACTTTGGCGCATA,non-targeting control
GCTCCCTGCCGGCCGGGTTAG,non-targeting control
GGAACCTCCCCGAATATCTGG,non-targeting control
GATCTTCAGGGTAACTACGAA,non-targeting control
GTTCTAAGCCACGTGTGGTAC,non-targeting control
GAGAAACTGAACTATCCTACT,non-targeting control
GCAGACCTAGCTCCGCTCCCA,non-targeting control
GAAATGCACAGATCGCTGATC,non-targeting control
GTCAATTCTCACTCACGACCA,non-targeting control
GACGGTGGGGATGGACCTACT,non-targeting control
GTGTGTTAGCCGAGATCTCTG,non-targeting control
GGCTAGTGTCGTGGGGGATGA,non-targeting control
GCGAAGTCTTTCTTAGATGGT,non-targeting control
GTATTTCTCCTAAGTCTAGCG,non-targeting control
GATGCGAAACGACATTTATTA,non-targeting control
GCATGATAGATCAGTCTTCCC,non-targeting control
GAGTGGGGCGCTAAGTGGGGG,non-targeting control
GCCCAATGGCTTCTGCGTGAC,non-targeting control
GAGATTCATTCACGAGTTGGG,non-targeting control
GAGCTTTCGAAATTGAGTGTC,non-targeting control
GCTAAGTTTGTTAATGGGCCA,non-targeting control
GCTTTTTTTATTTATCGATCG,non-targeting control
GTGTAGCTAAGTGAGTATGCC,non-targeting control
GAGTAGACGGACGGTGAGCTG,non-targeting control
GTTGTCCGTGACCCTGATTAA,non-targeting control
GTCTACGTGTAGTTGTACATA,non-targeting control
GCAATGGCGTGGACATTTGAT,non-targeting control
GTTCAGCGAGTGTGACTAAGC,non-targeting control
GCACATGGGGTACAGCACACC,non-targeting control
GCAAAAGTCTCGCTTGGTCCT,non-targeting control
GGGTTTTATAAGGGTGGGCCT,non-targeting control
GTCGGAAGCAAACTTCTGGAG,non-targeting control
GACTATCATGGCACCCAATTG,non-targeting control
GTTAGCCAGTAGTGCATATGA,non-targeting control
GGGGACTGTAGGAACATCCGC,non-targeting control
GAAGAATTAGGCACGGTTACT,non-targeting control
GTTTTTCTCACCCGATGAATC,non-targeting control
GAAACCCTATGCCCAAATGAG,non-targeting control
GAGGCTTAAATGGCGAGATTG,non-targeting control
GCATTAGTCTGATACCTGTGC,non-targeting control
GGGTGCTTAGCTCTGCGCACA,non-targeting control
GAGGCCACAAATTGTATACAG,non-targeting control
GATGCCTTAGACTTAACCTCG,non-targeting control
GCCAGTGCCCTTTTGTCGCAA,non-targeting control
GAGCGATCTGGACACTCTCCA,non-targeting control
GAGTCTTAAAGACCCTAAGCT,non-targeting control
GAGGTAAGCCCCTTAGAACTG,non-targeting control
GTTGGTCCGAGTCTGGAGAAA,non-targeting control
GCAAAAAGGCGTTTGAGCGTG,non-targeting control
GGTGTAAATCTGTCCAAGTAG,non-targeting control
GAATCTTACTCGTCCTCCTTG,non-targeting control
GGACCTATGCCAGAAAGTTCG,non-targeting control
GATGCGCAGCTCCAGAATTTT,non-targeting control
GGGTCCCTCAGGGTGCAACTT,non-targeting control
GGCCCCAAGCTAGAACTCAGC,non-targeting control
GCCATTCCGTAAGGGCTTGGA,non-targeting control
GAAACCTAGCCCCAATACTTA,non-targeting control
GTACGGGTGTCTCCATCTTGC,non-targeting control
GGGTCTGCTCCAATGGGAACC,non-targeting control
GCTTACCCCTATTATAATGAA,non-targeting control
GGAGCAATCCAAAGTTAACGG,non-targeting control
GTCACTTTACACTTGTAGTGT,non-targeting control
GTTCTTAGAAGTTGCTCCACG,non-targeting control
GATCTCTATACTGTCACTCGC,non-targeting control
GGAACGTAGAAATTCCCATTT,non-targeting control
GCGAGTGGGAAACGGGAATCA,non-targeting control
GATTGAGAATTCGTTTCAAGG,non-targeting control
GCATCATAAATGTACAACGGG,non-targeting control
GTCCCTCCTAGTCAAGAAGAG,non-targeting control
GCGACTGACCCCTGGGTGAAG,non-targeting control
GGAACGTCCAAGCAAGGGAGC,non-targeting control
GGGGTGGTCATTCTCTACTTG,non-targeting control
GAGTGAGTGACAACCAGATCG,non-targeting control
GGGAAACTGGGTTTCATCGTC,non-targeting control
GTATGACCCTGTTACATTGCC,non-targeting control
GTGAGCATGTCGGGAGTAACT,non-targeting control
GCGGTGAGCCACACGAAGGAA,non-targeting control
GTGGGGACGTTTATCAATATA,non-targeting control
GGTTCATTTCCAAGTCCGCTG,non-targeting control
GCGTCCCTTCGTCTCTGCTTA,non-targeting control
GTGCATGCCGAGCATTTTCAA,non-targeting control
GGTTTTTGGTTAATTGCCTAC,non-targeting control
GCGGGTTATGTGATGCCATCT,non-targeting control
GCATTAGCAGCCCAGCGCCCA,non-targeting control
GATCAGCCCATTTCTGCGCAC,non-targeting control
GGTGAAACAGAGGGTCCATCA,non-targeting control
GCGTAGTAAATATCTAGCTAA,non-targeting control
GATTAAACGACACCTTATTCT,non-targeting control
GCCCTCAGGAGCTACTAAGGT,non-targeting control
GGAGGGGGCTTCAAACATGTG,non-targeting control
GTCGCAAGGAAGCCAGCTAAG,non-targeting control
GCGGAGCTTAGCGTGGGGGCG,non-targeting control
GGCTCCCATCCATAGTAAAAA,non-targeting control
GTGACTAGCTCTTACATATTC,non-targeting control
GCCTTATGGAATCAGACCGTT,non-targeting control
GCGTCAAGTATTAAGCTGCTT,non-targeting control
GATAGCGGATGTCCTTGGAAA,non-targeting control
GACGCATGCTTCCCAAAGCGT,non-targeting control
GAGTATTAGGTACCTGCCCTA,non-targeting control
GTAGAGTGCATAAGAGAACCA,non-targeting control
GAGTGTATCTTCCACCTGTCT,non-targeting control
GAGTATGAGACTCATAGGGTG,non-targeting control
GGAGTTTCTAGTAGTGGTAGG,non-targeting control
GGAAACGAGAAGTTTGTACTA,non-targeting control
GAGCCCGCCACAGAATAGCTG,non-targeting control
GGTTGATCGAAAATGGGAGAA,non-targeting control
GTAGGGGATTAGCTGACAGTC,non-targeting control
GGCTTGCATAATTCTGGCCAG,non-targeting control
GGCTAAGGTCATGTTTGCAAT,non-targeting control
GGACACTATCCAACCCAAGAG,non-targeting control
GGAGTTATTTATTCTCTCGAG,non-targeting control
GCAGTCGTTTCTATGGGATCT,non-targeting control
GAAAATCGATGGGCTGAATCT,non-targeting control
GGTTCTGCCACCGACTTGGCC,non-targeting control
GGACGCCTTGCCCGGCTCACA,non-targeting control
GATTTAGTAATGCACACCCAG,non-targeting control
GTAGTTCTAATCGTTCCTTGA,non-targeting control
GCTTTTCAGCTGAGACGTACG,non-targeting control
GCACCCTTATATTCAGTAACT,non-targeting control
GTGCCCACTTAGCAACACTCT,non-targeting control
GCACTGCAGTATTCGTGGCCT,non-targeting control
GTGCCTCTCCCTTACCCGGAC,non-targeting control
GAGAGCATGATGACCCGTGAC,non-targeting control
GGGTGTCACCACCGCTTACCA,non-targeting control
GCAGCCTATTTTGCTACCTAC,non-targeting control
GGCCAGCGGGGATATGGTGAA,non-targeting control
GACGCTCTCCTGGCAACAAGT,non-targeting control
GTGGAGAAACGAGGTGTAATA,non-targeting control
GTATAGACCTCCCAAATACAT,non-targeting control
GGGCGTTAATTAAACTGTTTT,non-targeting control
GCAGGGTTGCGCAGAGGACTC,non-targeting control
GAAGTGACGGTGTCATGCGGG,non-targeting control
GTGTCAGTAGTCAGGACCCCG,non-targeting control
GGGAATCCGGAGCTCATGAGG,non-targeting control
GCATTAAACCTTGCCCCACAA,non-targeting control
GCGGCACTAGAAGTTTTTGAA,non-targeting control
GCCAGTTATAATTAGGGGTTT,non-targeting control
GCCTCTCACCGACTCTGTGTC,non-targeting control
GTAACCCAGAAGCCCATTCAG,non-targeting control
GGCAGTACTACTGAGTTTTTC,non-targeting control
GCGACCCATGGATGTGAACCC,non-targeting control
GAGATGGTCAGATCTAGTAGT,non-targeting control
GCCACGATGCCACCTCATCCC,non-targeting control
GTAGTCCTTAGGGTGGGCTGA,non-targeting control
GCGTGTGTGGGTAAACGGAAA,non-targeting control
GCTCTGTGAGATGTCCCGAAA,non-targeting control
GTTGGGGATTAACCCAGAGCC,non-targeting control
GTTCCTAGAGTTGGCAGACGC,non-targeting control
GGACAGTGAAATTAGCTCCCA,non-targeting control
GTGTTCTACTTTCGAAGTTAA,non-targeting control
GGGGAGTTGATTGTTTCGAGA,non-targeting control
GTAGAATTTGACCAAAGGCAC,non-targeting control
GCTTCTAGCTGGTTCATTGCT,non-targeting control
GCCCTGTGAAGGAGGCGTAAG,non-targeting control
GCAAGCATTTAGACACCTGTC,non-targeting control
GGTGTATGAATGTTAATTCCG,non-targeting control
GCGGCCAAAGAATTAGAAGTT,non-targeting control
GGGACTTTAGTTCCAGTGGTT,non-targeting control
GTGAACGGTGAAGAGATAGGG,non-targeting control
GAGCCGGCTTGTGACAGTGAA,non-targeting control
GCCAAAAAGATGAATATCTCG,non-targeting control
GGATTCATACTAAACACTCTA,non-targeting control
GATTTATAAACACAGGGTCGC,non-targeting control
GAGGGGCAGGGCTATCTTATG,non-targeting control
GGTAAACTTTGTCTGGAGTAT,non-targeting control
GGAATAGATTTGTCAGTTAGG,non-targeting control
GAGTTCTGTTCGATAGATGCC,non-targeting control
GGTGATAATGATGTATTCTCG,non-targeting control
GTCCTCACCTAAAGTGCAATA,non-targeting control
GGTTTTCAGTTGCCCAACAGC,non-targeting control
GCGCGCAGAAGGCAAGCAGGG,non-targeting control
GATTTTCGAAAGCTTAGGCCA,non-targeting control
GGTTTCGAAACTTGAAGTAAG,non-targeting control
GCTAACATGAGTACATAGATA,non-targeting control
GACCACTAATGAGATTCTTGT,non-targeting control
GAGGATGCTGAACAAGTACGT,non-targeting control
GTTCTAAGCGCCCTGGGGACA,non-targeting control
GATCCTAGGTACAAAAGGACG,non-targeting control
GGTATTACTGATATTGGTGGG,non-targeting control
GCTCATGAGTCGTTTCTTTCA,non-targeting control
GCTTAAGGCGAGAAAAATTAG,non-targeting control
GTTAACGCCTTATTTTTATGT,non-targeting control
GGGATGTTTCTGTGCGCACAT,non-targeting control
GTCAGTATCGGCTGCTGGTAA,non-targeting control
GGTCAAGAGATTATGAGATTC,non-targeting control
GCAGACCCAGTAAAACCACCA,non-targeting control
GCACCATAGAACCTGAAATAC,non-targeting control
GAGCTGAAAATATACGTATTC,non-targeting control
GTCTATTTTGTCTGCGCAGAA,non-targeting control
GGCTTTTTCCAGCGAGAGCAA,non-targeting control
GGGATTAATTCGCTAAATGAT,non-targeting control
GATAAGCTACTCTGAGTTCCT,non-targeting control
GGTGAACTGCAATCTTATTAT,non-targeting control
GGATTTTAGCTTAGGTCTTAC,non-targeting control
GATGCAAGACAGCCTCCCAGC,non-targeting control
GTGTAGTCTGGGGTAGACTCC,non-targeting control
GGACGAGGGCGGCAGAGCAGT,non-targeting control
GGGACCAACTCCCCTGCCCAC,non-targeting control
GGGGGCAGGGACCGAGTATCC,non-targeting control
GCTGCCCTCTTGAAATAGCCA,non-targeting control
GAGGGATCGTTAGGAAGGGAA,non-targeting control
GTGAGTCTTACTAGGTCCTGT,non-targeting control
GCACATAACATGAGGTATCAG,non-targeting control
GCTTCCTGCGTGGCTTTAAAC,non-targeting control
GATAGCTAAAGTTGATGTGTA,non-targeting control
GCTTAACACTTTAGTGCGTCA,non-targeting control
GCTTATTACTCCAGTATAAGA,non-targeting control
GAGGGAAACCTCTATGGGTAA,non-targeting control
GAAGCCATTGTATAACTCCAG,non-targeting control
GTGCAAGGACCTGGTATGAAC,non-targeting control
GCCAGAGCCTTGGTTTATATC,non-targeting control
GGCTGGAGAGACAATTCTACT,non-targeting control
GTGTAGATATAGGGTGTCTAC,non-targeting control
GGCGAATGCCTGAAAGTATAA,non-targeting control
GATACTCTCACAGGTACATAA,non-targeting control
GATGGAAGAGCGTCATGACTT,non-targeting control
GTTGCAATGCTGCTATAGAAG,non-targeting control
GAAGGCAATTTACTGGATCCT,non-targeting control
GCTGCACTGTGGAGACGCCCG,non-targeting control
GAGGACACAGGATACGCAGCT,non-targeting control
GTGCTCACTCCACTCCTCAAC,non-targeting control
GGGAGAGGAAAATCGGCACAG,non-targeting control
GGCACAAAACCAGCAATGGTC,non-targeting control
GAGCTTAATGTGCAGGTCAGA,non-targeting control
GACTAGGGCAGTGTGTCTGCA,non-targeting control
GCTCCCAGTACCAGTCAGTTC,non-targeting control
GTCAGGATCAGGGTGTATGGC,non-targeting control
GGGGAGGTGGCTTTAGGTTTT,non-targeting control
GAGGATGGATTGAGCAGCGGT,non-targeting control
GAACAGGAAACGTGACTAAAG,non-targeting control
GCTGGCTTATTAGCTATAAAG,non-targeting control
GGCAAAAGTGGCATAAAACCG,non-targeting control
GACAAAAAACTACGGTGATTA,non-targeting control
GTGACACATTGGCTGGGTGTT,non-targeting control
GATGATATCTGACATGCAGCG,non-targeting control
GAGAATGCCATCTAGTTAGTA,non-targeting control
GTTGGCCTGGAATTTAGGATC,non-targeting control
GTCTGAAAAATAGGCCCAACC,non-targeting control
GGTGGGGTAGTCTGTTGCTCG,non-targeting control
GGAGCAGCTGTCAGGTCTTGT,non-targeting control
GCATGGCATAAGTATAAGACA,non-targeting control
GGCCTGGGTTTTGGTGCATAC,non-targeting control
GGCACTTTGTTTGGCCTACTG,non-targeting control
GTAGATCGAGTTTATTTTCCT,non-targeting control
GCTCTTTTGAGATTGACAAGT,non-targeting control
GTTGCAGCCACTCCTGCAATA,non-targeting control
GGAACTCAACCAGAGGGCCAA,non-targeting control
GTATCTCTGCATAAAAGTGCC,non-targeting control
GCAAATGCCATTTAGGTTATC,non-targeting control
GGCACGAGGTGAACAGCCGCT,non-targeting control
GGTGAGATGCACCTTTTGGCC,non-targeting control
GTGGCAGTGGAAAATCTGCGG,non-targeting control
GTCATGCTTGCTTGGGCAAAA,non-targeting control
GTGACCTCTGAGGAATTCACA,non-targeting control
GAATTTATCGTCAACATTAAT,non-targeting control
GAAACTGTAGTGCAGGGTCAG,non-targeting control
GAAGTGTGTGCATAGCAGGGT,non-targeting control
GGCAATGCAATCGCAGGAGCA,non-targeting control
GGGTCCCTCTGGCTGGGTTAA,non-targeting control
GGAGCTTAGCAAAGGGTTGGG,non-targeting control
GAACTACAAGTAAAAGTATCG,non-targeting control
GTTATATGGTTTTAAACGGCT,non-targeting control
GGAGGACCTTAAGGTGACATG,non-targeting control
GCTTAAGTCATGAGCAAAGAT,non-targeting control
GAAACGAGATCGAGAAAGGTA,non-targeting control
GATCTGCCATGGCGTCCTGGC,non-targeting control
GAGTGCTACTGAAACTTGCCT,non-targeting control
GAGTGTTTGAAAAAAGGGCGG,non-targeting control
GCCAGAAAGCCTCTCCATTAC,non-targeting control
GTCCTGCCAAGAAACACCCTT,non-targeting control
GGACCTTCATTGAAGAAAAGC,non-targeting control
GGAGATGATAACTTAATTTGT,non-targeting control
GAAGAGATCACATCTAGGCCA,non-targeting control
GGTTAGGAATAAAAGCTTTGA,non-targeting control
GACTTCCCACTTCTTAGGTTG,non-targeting control
GCCATTCACAATCCCACTACA,non-targeting control
GTGTTTTGCATGTTGCATAGG,non-targeting control
GTAAGCCTCATGAAGGAGGGG,non-targeting control
GGGTACTGGAAGTCCGAAACC,non-targeting control
GAAATAATATGCATCTCTCGA,non-targeting control
GAGCTGGACTCTGTAGAAATC,non-targeting control
GCCTAACCCCTGGCCAGGAAG,non-targeting control
GAACCACGGCATTGAGAGGTG,non-targeting control
GAGTACCCCTAGGTATGGGGA,non-targeting control
GCCTCTGGAAGGACACTTCTG,non-targeting control
GTCTACCTATTGTGGAATTTG,non-targeting control
GTACATGGTATAGTGTTTATT,non-targeting control
GTGCAACCTTCCTTTTCAGGA,non-targeting control
GGGGCAGAAGTTGCTGTCCTG,non-targeting control
GAGGAGTGTTATGAAAAGGCT,non-targeting control
GACAGGTTCTTATTCATTGAC,non-targeting control
GATCCATGTGGTTACAATATT,non-targeting control
GGGGGAAACAAGTAGGCTTTG,non-targeting control
GTCAAGGAGCCTTATTTCTTG,non-targeting control
GAGAGGGATTGGGAGCTTGAC,non-targeting control
GACTGCTGCTGACATCTCTTA,non-targeting control
GTGGAGTGCACGCGAAAAGAA,non-targeting control
GATCTACAATCCAGCCCTCTA,non-targeting control
GTTTTACCTTGTTCACATGGA,non-targeting control
GGTAAATTAATGTAACTACCG,non-targeting control
GATTAGGCCTTTTTCTTAACT,non-targeting control
GTCCCTGCATTCATGGTTTTA,non-targeting control
GTGTGAAAGTTTATGGTGTTA,non-targeting control
GGGAGTATAAAAAAGTGGTGT,non-targeting control
GGCTTTCAATTGCAAAAATAC,non-targeting control
GACTCAGCCATTTTATTAGAA,non-targeting control
GAAAGACTTGCTCCAAAACAC,non-targeting control
GGGCTCTGGGGCTCACGGACG,non-targeting control
GACCCATGAGTTAAGTTTTCT,non-targeting control
GTAAATTCAGACCACAGCTAA,non-targeting control
GGGAATGTCCTAGGTTACTGA,non-targeting control
GCTCTCTCCTACCTGTCCACC,non-targeting control
GCCTTGAAATCAAATCAAACC,non-targeting control
GAGGGTCAGTCTGTCCTTTTT,non-targeting control
GCCTCTCCCAATCTACAGCTC,non-targeting control
GGCAGCGAGATAACTTGACTC,non-targeting control
GATCAAAGTGTCTGACTTATT,non-targeting control
GCAAATACAATTACTTATAGC,non-targeting control
GCAAAATCTAGCAATTTTTGG,non-targeting control
GCTAAAATTTTTGCGTGTTTG,non-targeting control
GGCAAGGTCATGAAACCAAGC,non-targeting control
GCGTGTAAAAATACCTTTCTA,non-targeting control
GCTGTGTTGCTCCCCTCCCCT,non-targeting control
GGTCTTCACAGGGTGCAACGA,non-targeting control
GGCAAATTCAGACAGCTAATT,non-targeting control
GTTCCATTGGCTGGAATCTGA,non-targeting control
GCTGAAGGTGTCTGGCAGAGC,non-targeting control
GGTAATTTTATGAGTTAAGTG,non-targeting control
GTAGTACATGTGTGGTATTTA,non-targeting control
GAGTGTGGAAAAGCTAACAGA,non-targeting control
GTGCCCCACCCCAGTGCTCAG,non-targeting control
GGATCCTTCTCTTTTTGGTTT,non-targeting control
GTCGAGAGGAAAAACACACTG,non-targeting control
GAATTTAAGCTTCGTAACTGG,non-targeting control
GACTGCTGCTGTCTTCTAAAT,non-targeting control
GGATCCAGCAATATTTCTTAA,non-targeting control
GCCAGCCAAGAATCCAGCCCC,non-targeting control
GCAGAGACAATGACATGTAGA,non-targeting control
GGGAACGAGGCAGTGACAGGG,non-targeting control
GGCTAGTTTCTGTTAGCTCCT,non-targeting control
GTTTGGCAGTACCTTTTATTA,non-targeting control
GAAAATAGCAGTAAACTCAAC,non-targeting control
GTCAGCAAAGGACGAAACAAA,non-targeting control
GAAGGACTGGAATATGGAGAG,non-targeting control
GAGTTCCCAGAAATATATTGC,non-targeting control
GGTTTAAAGAAAGGGGCTAAG,non-targeting control
GCCAGTTGCTCTGGGGGAACA,non-targeting control
GGAAAGGCATAGTGAGAATGG,non-targeting control
GACTATTTAATATTGGTAAGT,non-targeting control
GTCATCTTACATCTGGGAGAC,non-targeting control
GCAAGTTTTCTGAAAGGCAAT,non-targeting control
GAAAGATATAGCAAATTATGG,non-targeting control
GACCTTACAATAAGTTATATT,non-targeting control
GTGTCATGCGTCACTTAGTGC,non-targeting control
GAAGTGACAGATGGGCAGGCG,non-targeting control
GGGTCTCTGTACGGGCCGCCC,non-targeting control
GTTGGATATTAATTAGACATG,non-targeting control
GGACTTCTAGAATATAAAAGA,non-targeting control
GTTCCTAAGATTTTTAAGACT,non-targeting control
GTAGTGGAAAATGAATATTGA,non-targeting control
GTTTTTAATACAAGGTAATCT,non-targeting control
GCGGGATGCAGCTGGAGAGGA,non-targeting control
GTATAACGGTAATGGGATTCC,non-targeting control
GAAGAAGAATTGGGGATGATG,non-targeting control
GCAAAGGGGGAAGTGCAGGGA,non-targeting control
GTAAAGCAGAAGAATATACAG,non-targeting control
GATTTAGTAGACATTGGGTCT,non-targeting control
GGAGAAGGATGGAAATTAGAA,non-targeting control
GGTGTAGTCCTAGCCATGGGG,non-targeting control
GGCCCCGCCGCCCTCCCCTCC,non-targeting control
GAAAGAAAGAGGAATAGTAGC,non-targeting control
GGAGAAGTGGGGAGCCATTGG,non-targeting control
GAGAAGAAAAAAATGTCTACG,non-targeting control
GGACTGAAATCCAAGGACTGT,non-targeting control
GATATTTTATGACATAAAAAT,non-targeting control
GTAAACAAAAAGGAAATAGTT,non-targeting control
GTTTCCCATGATCATTTAGTG,non-targeting control
GCTGAGTGAAAAATAAAAGTT,non-targeting control
GGACAATCATGGTGAAAGCGG,non-targeting control
