Protospacer,RTT,RTT_length,PBS,PBS_length,RTT_PBS,classification
GACGGAGGCTAAGCGTCGCAA,CGCATGCTTG,10,CGACGCTTAG,10,CGCATGCTTGCGACGCTTAG,non-targeting control
GCGCTTCCGCGGCCCGTTCAA,CGCATGCTTG,10,AACGGGCCGC,10,CGCATGCTTGAACGGGCCGC,non-targeting control
GATCGTTTCCGCTTAACGGCG,CGCATGCCGC,10,CGTTAAGCGG,10,CGCATGCCGCCGTTAAGCGG,non-targeting control
GGTAGGCGCGCCGCTCTCTAC,CGCATGCGTA,10,GAGAGCGGCG,10,CGCATGCGTAGAGAGCGGCG,non-targeting control
GCCATATCGGGGCGAGACATG,CGCATGCCAT,10,GTCTCGCCCC,10,CGCATGCCATGTCTCGCCCC,non-targeting control
GTACTAACGCCGCTCCTACAG,CGCATGCCTG,10,TAGGAGCGGC,10,CGCATGCCTGTAGGAGCGGC,non-targeting control
GTGAGGATCATGTCGAGCGCC,CGCATGCGGC,10,GCTCGACATG,10,CGCATGCGGCGCTCGACATG,non-targeting control
GGGGCCCGCATAGGATATCGC,CGCATGCGCG,10,ATATCCTATG,10,CGCATGCGCGATATCCTATG,non-targeting control
GTAGACAACCGCGGAGAATGC,CGCATGCGCA,10,TTCTCCGCGG,10,CGCATGCGCATTCTCCGCGG,non-targeting control
GACGGGCGGCTATCGCTGACT,CGCATGCAGT,10,CAGCGATAGC,10,CGCATGCAGTCAGCGATAGC,non-targeting control
GCGCGGAAATTTTACCGACGA,CGCATGCTCG,10,TCGGTAAAAT,10,CGCATGCTCGTCGGTAAAAT,non-targeting control
GCTTACAATCGTCGGTCCAAT,CGCATGCATT,10,GGACCGACGA,10,CGCATGCATTGGACCGACGA,non-targeting control
GGCGTGCGTCCCGGGTTACCC,CGCATGCGGG,10,TAACCCGGGA,10,CGCATGCGGGTAACCCGGGA,non-targeting control
GCGGAGTAACAAGCGGACGGA,CGCATGCTCC,10,GTCCGCTTGT,10,CGCATGCTCCGTCCGCTTGT,non-targeting control
GCGAGTGTTATACGCACCGTT,CGCATGCAAC,10,GGTGCGTATA,10,CGCATGCAACGGTGCGTATA,non-targeting control
GCGACTAACCGGAAACTTTTT,CGCATGCAAA,10,AAGTTTCCGG,10,CGCATGCAAAAAGTTTCCGG,non-targeting control
GCAACGGGTTCTCCCGGCTAC,CGCATGCGTA,10,GCCGGGAGAA,10,CGCATGCGTAGCCGGGAGAA,non-targeting control
GCAGGAGTCGCCGATACGCGT,CGCATGCACG,10,CGTATCGGCG,10,CGCATGCACGCGTATCGGCG,non-targeting control
GTTCACGTCGTCTCGCGACCA,CGCATGCTGG,10,TCGCGAGACG,10,CGCATGCTGGTCGCGAGACG,non-targeting control
GGTGTCGGATTCCGCCGCTTA,CGCATGCTAA,10,GCGGCGGAAT,10,CGCATGCTAAGCGGCGGAAT,non-targeting control
GCACGAACTCACACCGCGCGA,CGCATGCTCG,10,CGCGGTGTGA,10,CGCATGCTCGCGCGGTGTGA,non-targeting control
GCGCTAGTACGCTCCTCTATA,CGCATGCTAT,10,AGAGGAGCGT,10,CGCATGCTATAGAGGAGCGT,non-targeting control
GTCGCGCTTGGGTTATACGCT,CGCATGCAGC,10,GTATAACCCA,10,CGCATGCAGCGTATAACCCA,non-targeting control
GCTATCTCGAGTGGTAATGCG,CGCATGCCGC,10,ATTACCACTC,10,CGCATGCCGCATTACCACTC,non-targeting control
GAATCGACTCGAACTTCGTGT,CGCATGCACA,10,CGAAGTTCGA,10,CGCATGCACACGAAGTTCGA,non-targeting control
GCCCGATGGACTATACCGAAC,CGCATGCGTT,10,CGGTATAGTC,10,CGCATGCGTTCGGTATAGTC,non-targeting control
GACGTTCGAGTACGACCAGCT,CGCATGCAGC,10,TGGTCGTACT,10,CGCATGCAGCTGGTCGTACT,non-targeting control
GCGCGACGACTCAACCTAGTC,CGCATGCGAC,10,TAGGTTGAGT,10,CGCATGCGACTAGGTTGAGT,non-targeting control
GGGTCACCGATCGAGAGCTAG,CGCATGCCTA,10,GCTCTCGATC,10,CGCATGCCTAGCTCTCGATC,non-targeting control
GCTCAACCGACCGTATGGTCA,CGCATGCTGA,10,CCATACGGTC,10,CGCATGCTGACCATACGGTC,non-targeting control
GCGTATTCGACTCTCAACGCG,CGCATGCCGC,10,GTTGAGAGTC,10,CGCATGCCGCGTTGAGAGTC,non-targeting control
GCTAGCCGCCCAGATCGAGCC,CGCATGCGGC,10,TCGATCTGGG,10,CGCATGCGGCTCGATCTGGG,non-targeting control
GGAATCGACCGACACTAATGT,CGCATGCACA,10,TTAGTGTCGG,10,CGCATGCACATTAGTGTCGG,non-targeting control
GACTTCAGTTCGGCGTAGTCA,CGCATGCTGA,10,CTACGCCGAA,10,CGCATGCTGACTACGCCGAA,non-targeting control
GGTGCGATGTCGCTTCAACGT,CGCATGCACG,10,TTGAAGCGAC,10,CGCATGCACGTTGAAGCGAC,non-targeting control
GCGCCTAATTTCCGGATCAAT,CGCATGCATT,10,GATCCGGAAA,10,CGCATGCATTGATCCGGAAA,non-targeting control
GCGTGGCCGGAACCGTCATAG,CGCATGCCTA,10,TGACGGTTCC,10,CGCATGCCTATGACGGTTCC,non-targeting control
GACCCTCCGAATCGTAACGGA,CGCATGCTCC,10,GTTACGATTC,10,CGCATGCTCCGTTACGATTC,non-targeting control
GAAACGGTACGACAGCGTGTG,CGCATGCCAC,10,ACGCTGTCGT,10,CGCATGCCACACGCTGTCGT,non-targeting control
GACATAGTCGACGGCTCGATT,CGCATGCAAT,10,CGAGCCGTCG,10,CGCATGCAATCGAGCCGTCG,non-targeting control
GGATGGCGCTTCAGTCGTCGG,CGCATGCCCG,10,ACGACTGAAG,10,CGCATGCCCGACGACTGAAG,non-targeting control
GATAATCCGGAAACGCTCGAC,CGCATGCGTC,10,GAGCGTTTCC,10,CGCATGCGTCGAGCGTTTCC,non-targeting control
GCGCCGGGCTGACAATTAACG,CGCATGCCGT,10,TAATTGTCAG,10,CGCATGCCGTTAATTGTCAG,non-targeting control
GCGTCGCCATATGCCGGTGGC,CGCATGCGCC,10,ACCGGCATAT,10,CGCATGCGCCACCGGCATAT,non-targeting control
GCGGGCCTATAACACCATCGA,CGCATGCTCG,10,ATGGTGTTAT,10,CGCATGCTCGATGGTGTTAT,non-targeting control
GCGCCGTTCCGAGATACTTGA,CGCATGCTCA,10,AGTATCTCGG,10,CGCATGCTCAAGTATCTCGG,non-targeting control
GCGGGACGTCGCGAAAATGTA,CGCATGCTAC,10,ATTTTCGCGA,10,CGCATGCTACATTTTCGCGA,non-targeting control
GTCGGCATACGGGACACACGC,CGCATGCGCG,10,TGTGTCCCGT,10,CGCATGCGCGTGTGTCCCGT,non-targeting control
GAGCTCCATCGCCGCGATAAT,CGCATGCATT,10,ATCGCGGCGA,10,CGCATGCATTATCGCGGCGA,non-targeting control
GATCGTATCATCAGCTAGCGC,CGCATGCGCG,10,CTAGCTGATG,10,CGCATGCGCGCTAGCTGATG,non-targeting control
GTCGATCGAGGTTGCATTCGG,CGCATGCCCG,10,AATGCAACCT,10,CGCATGCCCGAATGCAACCT,non-targeting control
GCTCGACAGTTCGTCCCGAGC,CGCATGCGCT,10,CGGGACGAAC,10,CGCATGCGCTCGGGACGAAC,non-targeting control
GCGGTAGTATTAATCGCTGAC,CGCATGCGTC,10,AGCGATTAAT,10,CGCATGCGTCAGCGATTAAT,non-targeting control
GTGAACGCGTGTTTCCTTGCA,CGCATGCTGC,10,AAGGAAACAC,10,CGCATGCTGCAAGGAAACAC,non-targeting control
GCGACGCTAGGTAACGTAGAG,CGCATGCCTC,10,TACGTTACCT,10,CGCATGCCTCTACGTTACCT,non-targeting control
GCATTGTTGAGCGGGCGCGCT,CGCATGCAGC,10,GCGCCCGCTC,10,CGCATGCAGCGCGCCCGCTC,non-targeting control
GCCGCTATTGAAACCGCCCAC,CGCATGCGTG,10,GGCGGTTTCA,10,CGCATGCGTGGGCGGTTTCA,non-targeting control
GAGACACGTCACCGGTCAAAA,CGCATGCTTT,10,TGACCGGTGA,10,CGCATGCTTTTGACCGGTGA,non-targeting control
GTTTACGATCTAGCGGCGTAG,CGCATGCCTA,10,CGCCGCTAGA,10,CGCATGCCTACGCCGCTAGA,non-targeting control
GTTCGCACGATTGCACCTTGG,CGCATGCCCA,10,AGGTGCAATC,10,CGCATGCCCAAGGTGCAATC,non-targeting control
GGGTTAGAGACTAGGCGCGCG,CGCATGCCGC,10,GCGCCTAGTC,10,CGCATGCCGCGCGCCTAGTC,non-targeting control
GCCTCCGTGCTAACGCGGACG,CGCATGCCGT,10,CCGCGTTAGC,10,CGCATGCCGTCCGCGTTAGC,non-targeting control
GTTATCGCGTAGTGCTGACGT,CGCATGCACG,10,TCAGCACTAC,10,CGCATGCACGTCAGCACTAC,non-targeting control
GTACGCTTGCGTTTAGCGTCC,CGCATGCGGA,10,CGCTAAACGC,10,CGCATGCGGACGCTAAACGC,non-targeting control
GCGCGGCCCACGCGTCATCGC,CGCATGCGCG,10,ATGACGCGTG,10,CGCATGCGCGATGACGCGTG,non-targeting control
GAGCTCGCCATGTCGGTTCTC,CGCATGCGAG,10,AACCGACATG,10,CGCATGCGAGAACCGACATG,non-targeting control
GAACTAGCCCGAGCAGCTTCG,CGCATGCCGA,10,AGCTGCTCGG,10,CGCATGCCGAAGCTGCTCGG,non-targeting control
GCGCAAGGTGTCGGTAACCCT,CGCATGCAGG,10,GTTACCGACA,10,CGCATGCAGGGTTACCGACA,non-targeting control
GCTTCGACGCCATCGTGCTCA,CGCATGCTGA,10,GCACGATGGC,10,CGCATGCTGAGCACGATGGC,non-targeting control
GTCCTGGATACCGCGTGGTTA,CGCATGCTAA,10,CCACGCGGTA,10,CGCATGCTAACCACGCGGTA,non-targeting control
GATAGCCGCCGCTCATTACTT,CGCATGCAAG,10,TAATGAGCGG,10,CGCATGCAAGTAATGAGCGG,non-targeting control
GGTCGTCCGGGATTACAAAAT,CGCATGCATT,10,TTGTAATCCC,10,CGCATGCATTTTGTAATCCC,non-targeting control
GTAATGCTGCACACGCCGAAT,CGCATGCATT,10,CGGCGTGTGC,10,CGCATGCATTCGGCGTGTGC,non-targeting control
GTATCGCTTCCGATTAGTCCG,CGCATGCCGG,10,ACTAATCGGA,10,CGCATGCCGGACTAATCGGA,non-targeting control
GGTACCATACCGCGTACCCTT,CGCATGCAAG,10,GGTACGCGGT,10,CGCATGCAAGGGTACGCGGT,non-targeting control
GTAAGATCCGCGGGTGGCAAC,CGCATGCGTT,10,GCCACCCGCG,10,CGCATGCGTTGCCACCCGCG,non-targeting control
GGTAGACGTCGTGAGCTTCAC,CGCATGCGTG,10,AAGCTCACGA,10,CGCATGCGTGAAGCTCACGA,non-targeting control
GTCGCGGACATAGGGCTCTAA,CGCATGCTTA,10,GAGCCCTATG,10,CGCATGCTTAGAGCCCTATG,non-targeting control
GAGCGCAGATAGCGCGTATCA,CGCATGCTGA,10,TACGCGCTAT,10,CGCATGCTGATACGCGCTAT,non-targeting control
GGTTCGCTTCGTAACGAGGAA,CGCATGCTTC,10,CTCGTTACGA,10,CGCATGCTTCCTCGTTACGA,non-targeting control
GGACCCCCGATAACTTTTGAC,CGCATGCGTC,10,AAAAGTTATC,10,CGCATGCGTCAAAAGTTATC,non-targeting control
GACGTCCATACTGTCGGCTAC,CGCATGCGTA,10,GCCGACAGTA,10,CGCATGCGTAGCCGACAGTA,non-targeting control
GGTACCATTGCCGGCTCCCTA,CGCATGCTAG,10,GGAGCCGGCA,10,CGCATGCTAGGGAGCCGGCA,non-targeting control
GTGGTTCCGTAGGTCGGTATA,CGCATGCTAT,10,ACCGACCTAC,10,CGCATGCTATACCGACCTAC,non-targeting control
GTCTGGCTTGACACGACCGTT,CGCATGCAAC,10,GGTCGTGTCA,10,CGCATGCAACGGTCGTGTCA,non-targeting control
GCGCTAGGTCCGGTAAGTGCG,CGCATGCCGC,10,ACTTACCGGA,10,CGCATGCCGCACTTACCGGA,non-targeting control
GAGCACGTAATGTCCGTGGAT,CGCATGCATC,10,CACGGACATT,10,CGCATGCATCCACGGACATT,non-targeting control
GAAGGCGCGCGAATGTGGCAG,CGCATGCCTG,10,CCACATTCGC,10,CGCATGCCTGCCACATTCGC,non-targeting control
GACTGCGGAGCGCCCAATATC,CGCATGCGAT,10,ATTGGGCGCT,10,CGCATGCGATATTGGGCGCT,non-targeting control
GCGTCGAGTGCTCGAACTCCA,CGCATGCTGG,10,AGTTCGAGCA,10,CGCATGCTGGAGTTCGAGCA,non-targeting control
GTCGCAGCGGCGTGGGATCGG,CGCATGCCCG,10,ATCCCACGCC,10,CGCATGCCCGATCCCACGCC,non-targeting control
GATCTGTCCTAATTCGGATCG,CGCATGCCGA,10,TCCGAATTAG,10,CGCATGCCGATCCGAATTAG,non-targeting control
GTGCGGCGTAATGCTTGAAAG,CGCATGCCTT,10,TCAAGCATTA,10,CGCATGCCTTTCAAGCATTA,non-targeting control
GCGAACTTAATCCCGTGGCAA,CGCATGCTTG,10,CCACGGGATT,10,CGCATGCTTGCCACGGGATT,non-targeting control
GGCCGTGTTGCTGGATACGCC,CGCATGCGGC,10,GTATCCAGCA,10,CGCATGCGGCGTATCCAGCA,non-targeting control
GTACCCTCCGGATACGGACTG,CGCATGCCAG,10,TCCGTATCCG,10,CGCATGCCAGTCCGTATCCG,non-targeting control
GCCGTTGGACTATGGCGGGTC,CGCATGCGAC,10,CCGCCATAGT,10,CGCATGCGACCCGCCATAGT,non-targeting control
GGTACGGGGCGATCATCCACA,CGCATGCTGT,10,GGATGATCGC,10,CGCATGCTGTGGATGATCGC,non-targeting control
GAAGAGTAGTAGACGCCCGGG,CGCATGCCCC,10,GGGCGTCTAC,10,CGCATGCCCCGGGCGTCTAC,non-targeting control
GAAGAGCGAATCGATTTCGTG,CGCATGCCAC,10,GAAATCGATT,10,CGCATGCCACGAAATCGATT,non-targeting control
GCGGCTCGTTCTACGCACTGA,CGCATGCTCA,10,GTGCGTAGAA,10,CGCATGCTCAGTGCGTAGAA,non-targeting control
GTCCAGCGCGAGCTTACTCGT,CGCATGCACG,10,AGTAAGCTCG,10,CGCATGCACGAGTAAGCTCG,non-targeting control
GGGAGTGGTCCCGTACGCAAC,CGCATGCGTT,10,GCGTACGGGA,10,CGCATGCGTTGCGTACGGGA,non-targeting control
GCAAGACCTTATCGTGCAGCG,CGCATGCCGC,10,TGCACGATAA,10,CGCATGCCGCTGCACGATAA,non-targeting control
GACGTCGTTTAGCACCCGGCT,CGCATGCAGC,10,CGGGTGCTAA,10,CGCATGCAGCCGGGTGCTAA,non-targeting control
GTTTCAGGCTACGGGCGCGGG,CGCATGCCCC,10,GCGCCCGTAG,10,CGCATGCCCCGCGCCCGTAG,non-targeting control
GCAATCGGCGACGTTTTAAAT,CGCATGCATT,10,TAAAACGTCG,10,CGCATGCATTTAAAACGTCG,non-targeting control
GGTACCCCTATGGCCGTTCTA,CGCATGCTAG,10,AACGGCCATA,10,CGCATGCTAGAACGGCCATA,non-targeting control
GTACCCACGCGTATTCCATCT,CGCATGCAGA,10,TGGAATACGC,10,CGCATGCAGATGGAATACGC,non-targeting control
GCTTGTTGCGTATACGAGACT,CGCATGCAGT,10,CTCGTATACG,10,CGCATGCAGTCTCGTATACG,non-targeting control
GGAACGCCGCTCAAGTTGATA,CGCATGCTAT,10,CAACTTGAGC,10,CGCATGCTATCAACTTGAGC,non-targeting control
GCGCAGTACGTATAGACTTAA,CGCATGCTTA,10,AGTCTATACG,10,CGCATGCTTAAGTCTATACG,non-targeting control
GGCGAACCCCGTAGCCAGGCT,CGCATGCAGC,10,CTGGCTACGG,10,CGCATGCAGCCTGGCTACGG,non-targeting control
GCCTCGGGCGTAAATACTCAT,CGCATGCATG,10,AGTATTTACG,10,CGCATGCATGAGTATTTACG,non-targeting control
GAGGGCACCCGGTTCATACGC,CGCATGCGCG,10,TATGAACCGG,10,CGCATGCGCGTATGAACCGG,non-targeting control
GCACGGCCTAACTTGCTGATA,CGCATGCTAT,10,CAGCAAGTTA,10,CGCATGCTATCAGCAAGTTA,non-targeting control
GCCGGGAGATTAACGTTAATT,CGCATGCAAT,10,TAACGTTAAT,10,CGCATGCAATTAACGTTAAT,non-targeting control
GATCTCGGGTCGACTGCGGAT,CGCATGCATC,10,CGCAGTCGAC,10,CGCATGCATCCGCAGTCGAC,non-targeting control
GCGCCGGGACCGTTAGGGAAT,CGCATGCATT,10,CCCTAACGGT,10,CGCATGCATTCCCTAACGGT,non-targeting control
GGCAAACCCGAGTGACACGTC,CGCATGCGAC,10,GTGTCACTCG,10,CGCATGCGACGTGTCACTCG,non-targeting control
GGTGCGTGAGTATTAACGCTC,CGCATGCGAG,10,CGTTAATACT,10,CGCATGCGAGCGTTAATACT,non-targeting control
GGCTTAACCTATCCGCCAGTA,CGCATGCTAC,10,TGGCGGATAG,10,CGCATGCTACTGGCGGATAG,non-targeting control
GTGGCCACGAATTCCGCCGCC,CGCATGCGGC,10,GGCGGAATTC,10,CGCATGCGGCGGCGGAATTC,non-targeting control
GGTAAGGCCCGCGTACGAGCT,CGCATGCAGC,10,TCGTACGCGG,10,CGCATGCAGCTCGTACGCGG,non-targeting control
GCTCCTTACGTCGGGCATTAA,CGCATGCTTA,10,ATGCCCGACG,10,CGCATGCTTAATGCCCGACG,non-targeting control
GATTCCTTCGGCGCTCTGCGT,CGCATGCACG,10,CAGAGCGCCG,10,CGCATGCACGCAGAGCGCCG,non-targeting control
GATGCGCTTTAATCGCCGTTC,CGCATGCGAA,10,CGGCGATTAA,10,CGCATGCGAACGGCGATTAA,non-targeting control
GTTAGCCCTCGATTGGTTGCG,CGCATGCCGC,10,AACCAATCGA,10,CGCATGCCGCAACCAATCGA,non-targeting control
GAACGCTGTCGTACGTGTATA,CGCATGCTAT,10,ACACGTACGA,10,CGCATGCTATACACGTACGA,non-targeting control
GTAACGCGCATATCTGAACAC,CGCATGCGTG,10,TTCAGATATG,10,CGCATGCGTGTTCAGATATG,non-targeting control
GCGCTAGGTTATTTCGTGGCC,CGCATGCGGC,10,CACGAAATAA,10,CGCATGCGGCCACGAAATAA,non-targeting control
GAATATTTGGCTCGGCTGCGC,CGCATGCGCG,10,CAGCCGAGCC,10,CGCATGCGCGCAGCCGAGCC,non-targeting control
GCAATATCGGGTGCTACAGGA,CGCATGCTCC,10,TGTAGCACCC,10,CGCATGCTCCTGTAGCACCC,non-targeting control
GCGGCCGCATCCTGTTATATT,CGCATGCAAT,10,ATAACAGGAT,10,CGCATGCAATATAACAGGAT,non-targeting control
GCTGGATCGCCCGCAGAAATA,CGCATGCTAT,10,TTCTGCGGGC,10,CGCATGCTATTTCTGCGGGC,non-targeting control
GATTAGCACGGCGACCTTCTA,CGCATGCTAG,10,AAGGTCGCCG,10,CGCATGCTAGAAGGTCGCCG,non-targeting control
GTGGAAATCGACTGTGCGCTT,CGCATGCAAG,10,CGCACAGTCG,10,CGCATGCAAGCGCACAGTCG,non-targeting control
GATTAGCCGTTGCCATATCAA,CGCATGCTTG,10,ATATGGCAAC,10,CGCATGCTTGATATGGCAAC,non-targeting control
GACCCGATAATAGCTACTGGT,CGCATGCACC,10,AGTAGCTATT,10,CGCATGCACCAGTAGCTATT,non-targeting control
GATTCAGCGCGCTCGCCCTGG,CGCATGCCCA,10,GGGCGAGCGC,10,CGCATGCCCAGGGCGAGCGC,non-targeting control
GCCCGCCGAAGACCCTGCTTG,CGCATGCCAA,10,GCAGGGTCTT,10,CGCATGCCAAGCAGGGTCTT,non-targeting control
GTGCCGTGAAAAGACGCTGCG,CGCATGCCGC,10,AGCGTCTTTT,10,CGCATGCCGCAGCGTCTTTT,non-targeting control
GCTTACGCGCCTGGTCAAAAG,CGCATGCCTT,10,TTGACCAGGC,10,CGCATGCCTTTTGACCAGGC,non-targeting control
GCGCATAAGTCGATAGACACA,CGCATGCTGT,10,GTCTATCGAC,10,CGCATGCTGTGTCTATCGAC,non-targeting control
GGTCATCAGCGATTTGACGAG,CGCATGCCTC,10,GTCAAATCGC,10,CGCATGCCTCGTCAAATCGC,non-targeting control
GCGAATCGGAACTTTGTACCG,CGCATGCCGG,10,TACAAAGTTC,10,CGCATGCCGGTACAAAGTTC,non-targeting control
GAGGTCAAGCCGACCTCGAAC,CGCATGCGTT,10,CGAGGTCGGC,10,CGCATGCGTTCGAGGTCGGC,non-targeting control
GTGCGCCTTACTCGTTAACTG,CGCATGCCAG,10,TTAACGAGTA,10,CGCATGCCAGTTAACGAGTA,non-targeting control
GATCTGAGCGTTTTCGGCCGC,CGCATGCGCG,10,GCCGAAAACG,10,CGCATGCGCGGCCGAAAACG,non-targeting control
GACGGTACATGCGCATGAGTC,CGCATGCGAC,10,TCATGCGCAT,10,CGCATGCGACTCATGCGCAT,non-targeting control
GTGACGCGATAGAGTTGGCTT,CGCATGCAAG,10,CCAACTCTAT,10,CGCATGCAAGCCAACTCTAT,non-targeting control
GTTCACCGTCCACGTGCGCAT,CGCATGCATG,10,CGCACGTGGA,10,CGCATGCATGCGCACGTGGA,non-targeting control
GTTCTTCGGCCTACACCCGGT,CGCATGCACC,10,GGGTGTAGGC,10,CGCATGCACCGGGTGTAGGC,non-targeting control
GGGAATTACGACTAACCGATT,CGCATGCAAT,10,CGGTTAGTCG,10,CGCATGCAATCGGTTAGTCG,non-targeting control
GTGCGGGGAGCTCTCTTAATG,CGCATGCCAT,10,TAAGAGAGCT,10,CGCATGCCATTAAGAGAGCT,non-targeting control
GTAGAGATATCCGATCGTGGT,CGCATGCACC,10,ACGATCGGAT,10,CGCATGCACCACGATCGGAT,non-targeting control
GGGGTGCCCACTAATAGCCGC,CGCATGCGCG,10,GCTATTAGTG,10,CGCATGCGCGGCTATTAGTG,non-targeting control
GTGCAGTCGCGCTGAGCGTCA,CGCATGCTGA,10,CGCTCAGCGC,10,CGCATGCTGACGCTCAGCGC,non-targeting control
GGGATTGAATGGCTAACGCGG,CGCATGCCCG,10,CGTTAGCCAT,10,CGCATGCCCGCGTTAGCCAT,non-targeting control
GGCGGTTCCGGGAGCACATTT,CGCATGCAAA,10,TGTGCTCCCG,10,CGCATGCAAATGTGCTCCCG,non-targeting control
GGAAGACGTGCTGGCGTCACC,CGCATGCGGT,10,GACGCCAGCA,10,CGCATGCGGTGACGCCAGCA,non-targeting control
GGGCGCATTAAAGTCGAGAGC,CGCATGCGCT,10,CTCGACTTTA,10,CGCATGCGCTCTCGACTTTA,non-targeting control
GGACGTAGCCTTCCGAAATAT,CGCATGCATA,10,TTTCGGAAGG,10,CGCATGCATATTTCGGAAGG,non-targeting control
GGGTTCGAGACCTACTTAAGT,CGCATGCACT,10,TAAGTAGGTC,10,CGCATGCACTTAAGTAGGTC,non-targeting control
GTGAAGTGGGGCGTCGGACAC,CGCATGCGTG,10,TCCGACGCCC,10,CGCATGCGTGTCCGACGCCC,non-targeting control
GCTATATTGTCGCGCAGTGGA,CGCATGCTCC,10,ACTGCGCGAC,10,CGCATGCTCCACTGCGCGAC,non-targeting control
GCGGCTTTGTTGCCCGTAAGC,CGCATGCGCT,10,TACGGGCAAC,10,CGCATGCGCTTACGGGCAAC,non-targeting control
GTCCCGGTTGGTGAACGATAC,CGCATGCGTA,10,TCGTTCACCA,10,CGCATGCGTATCGTTCACCA,non-targeting control
GTTAACTCGAACGCTCGAAAG,CGCATGCCTT,10,TCGAGCGTTC,10,CGCATGCCTTTCGAGCGTTC,non-targeting control
GGGACTATCCACCGTTTACTC,CGCATGCGAG,10,TAAACGGTGG,10,CGCATGCGAGTAAACGGTGG,non-targeting control
GCAGTAGCGATCGAATGTCAA,CGCATGCTTG,10,ACATTCGATC,10,CGCATGCTTGACATTCGATC,non-targeting control
GTAGGCGCCCGTAGCATTGGA,CGCATGCTCC,10,AATGCTACGG,10,CGCATGCTCCAATGCTACGG,non-targeting control
GGCGGCGTCTGGGAATCGTTC,CGCATGCGAA,10,CGATTCCCAG,10,CGCATGCGAACGATTCCCAG,non-targeting control
GCAGTGTCCGAGCGATATTTT,CGCATGCAAA,10,ATATCGCTCG,10,CGCATGCAAAATATCGCTCG,non-targeting control
GTTCAATCACCTCACGGTAAG,CGCATGCCTT,10,ACCGTGAGGT,10,CGCATGCCTTACCGTGAGGT,non-targeting control
GCGGTTTACATCTGCCCATCG,CGCATGCCGA,10,TGGGCAGATG,10,CGCATGCCGATGGGCAGATG,non-targeting control
GGGGCGTGTATGTTCGTATTG,CGCATGCCAA,10,TACGAACATA,10,CGCATGCCAATACGAACATA,non-targeting control
GGCGGCGTCATCCACGCGTGC,CGCATGCGCA,10,CGCGTGGATG,10,CGCATGCGCACGCGTGGATG,non-targeting control
GGGGTATAGACGCGATCCTCA,CGCATGCTGA,10,GGATCGCGTC,10,CGCATGCTGAGGATCGCGTC,non-targeting control
GACAGCGCTCTCGTGTACTAT,CGCATGCATA,10,GTACACGAGA,10,CGCATGCATAGTACACGAGA,non-targeting control
GACTAGCCTGTTCGCGAGTAG,CGCATGCCTA,10,CTCGCGAACA,10,CGCATGCCTACTCGCGAACA,non-targeting control
GGACCGCGTGAGATAACGTCA,CGCATGCTGA,10,CGTTATCTCA,10,CGCATGCTGACGTTATCTCA,non-targeting control
GCGCGTGCATCTGCCGAAGGC,CGCATGCGCC,10,TTCGGCAGAT,10,CGCATGCGCCTTCGGCAGAT,non-targeting control
GAAAACATCGACCGAAAGCGT,CGCATGCACG,10,CTTTCGGTCG,10,CGCATGCACGCTTTCGGTCG,non-targeting control
GACACCGAAGCACCTGTACGT,CGCATGCACG,10,TACAGGTGCT,10,CGCATGCACGTACAGGTGCT,non-targeting control
GGGGTCGAGGACTAATAGATT,CGCATGCAAT,10,CTATTAGTCC,10,CGCATGCAATCTATTAGTCC,non-targeting control
GACGCCTCCTCAAATTAGCTC,CGCATGCGAG,10,CTAATTTGAG,10,CGCATGCGAGCTAATTTGAG,non-targeting control
GCCTACGCGGTAGGGAACTTT,CGCATGCAAA,10,GTTCCCTACC,10,CGCATGCAAAGTTCCCTACC,non-targeting control
GAAGCACTAGTCCGTATGATG,CGCATGCCAT,10,CATACGGACT,10,CGCATGCCATCATACGGACT,non-targeting control
GAGGCGCCAACATTGACCGTA,CGCATGCTAC,10,GGTCAATGTT,10,CGCATGCTACGGTCAATGTT,non-targeting control
GTAATCATGCACATTCGGGAC,CGCATGCGTC,10,CCGAATGTGC,10,CGCATGCGTCCCGAATGTGC,non-targeting control
GCGTCGGGTAGCTATTTCTTT,CGCATGCAAA,10,GAAATAGCTA,10,CGCATGCAAAGAAATAGCTA,non-targeting control
GGTGCGACGAATTGTCCTGAG,CGCATGCCTC,10,AGGACAATTC,10,CGCATGCCTCAGGACAATTC,non-targeting control
GCTTCCGTTATTCGGAAGTGA,CGCATGCTCA,10,CTTCCGAATA,10,CGCATGCTCACTTCCGAATA,non-targeting control
GTACTGGAGTTTGCGACTCGG,CGCATGCCCG,10,AGTCGCAAAC,10,CGCATGCCCGAGTCGCAAAC,non-targeting control
GATCCAGATCACCACGCGTCA,CGCATGCTGA,10,CGCGTGGTGA,10,CGCATGCTGACGCGTGGTGA,non-targeting control
GCGTTAAGACTAGCTCGGTTT,CGCATGCAAA,10,CCGAGCTAGT,10,CGCATGCAAACCGAGCTAGT,non-targeting control
GATACGGCCGAAGCCCCTTCA,CGCATGCTGA,10,AGGGGCTTCG,10,CGCATGCTGAAGGGGCTTCG,non-targeting control
GAACATCTCGTTAGGGGTATC,CGCATGCGAT,10,ACCCCTAACG,10,CGCATGCGATACCCCTAACG,non-targeting control
GGTCAGGTAATAGTCGGACTC,CGCATGCGAG,10,TCCGACTATT,10,CGCATGCGAGTCCGACTATT,non-targeting control
GTTCGAGGTCCGGACAGGTCG,CGCATGCCGA,10,CCTGTCCGGA,10,CGCATGCCGACCTGTCCGGA,non-targeting control
GTGAGCATTCGTAGCCCAGCA,CGCATGCTGC,10,TGGGCTACGA,10,CGCATGCTGCTGGGCTACGA,non-targeting control
GTAAGGCGACCTGCGCTTGTG,CGCATGCCAC,10,AAGCGCAGGT,10,CGCATGCCACAAGCGCAGGT,non-targeting control
GAGCTGCGCGCTACTGGATCA,CGCATGCTGA,10,TCCAGTAGCG,10,CGCATGCTGATCCAGTAGCG,non-targeting control
GGCAAAAACCCAACGCTATTC,CGCATGCGAA,10,TAGCGTTGGG,10,CGCATGCGAATAGCGTTGGG,non-targeting control
GGCCGCCGATTTCATAAGTAA,CGCATGCTTA,10,CTTATGAAAT,10,CGCATGCTTACTTATGAAAT,non-targeting control
GGTTCCGTGAGGGTTACTTCA,CGCATGCTGA,10,AGTAACCCTC,10,CGCATGCTGAAGTAACCCTC,non-targeting control
GCGGGGAATTGCACGGCGGAA,CGCATGCTTC,10,CGCCGTGCAA,10,CGCATGCTTCCGCCGTGCAA,non-targeting control
GTGTCTTTAAACACGCCATCG,CGCATGCCGA,10,TGGCGTGTTT,10,CGCATGCCGATGGCGTGTTT,non-targeting control
GACAAAATGCCGTGCGTCAAT,CGCATGCATT,10,GACGCACGGC,10,CGCATGCATTGACGCACGGC,non-targeting control
GACGCTCAGCACCCGCTATGC,CGCATGCGCA,10,TAGCGGGTGC,10,CGCATGCGCATAGCGGGTGC,non-targeting control
GCGAAACCCTCTTAAGTTAAC,CGCATGCGTT,10,AACTTAAGAG,10,CGCATGCGTTAACTTAAGAG,non-targeting control
GTAAACCCTTGGCGCCCTCAC,CGCATGCGTG,10,AGGGCGCCAA,10,CGCATGCGTGAGGGCGCCAA,non-targeting control
GCCATTCTCAACCGGTCCAAT,CGCATGCATT,10,GGACCGGTTG,10,CGCATGCATTGGACCGGTTG,non-targeting control
GGTTATTGACCCGTCGGGAGT,CGCATGCACT,10,CCCGACGGGT,10,CGCATGCACTCCCGACGGGT,non-targeting control
GGGTTTCACTTCGAGACCGGC,CGCATGCGCC,10,GGTCTCGAAG,10,CGCATGCGCCGGTCTCGAAG,non-targeting control
GCTTTGATAACGTGGGCGGTA,CGCATGCTAC,10,CGCCCACGTT,10,CGCATGCTACCGCCCACGTT,non-targeting control
GCCCCAACTTTCGCGACTCCG,CGCATGCCGG,10,AGTCGCGAAA,10,CGCATGCCGGAGTCGCGAAA,non-targeting control
GCAAACAGTCTAAGGCGACGA,CGCATGCTCG,10,TCGCCTTAGA,10,CGCATGCTCGTCGCCTTAGA,non-targeting control
GCGGCACACCAATGCGTTCGT,CGCATGCACG,10,AACGCATTGG,10,CGCATGCACGAACGCATTGG,non-targeting control
GATCGATATACCGCCATAAAA,CGCATGCTTT,10,TATGGCGGTA,10,CGCATGCTTTTATGGCGGTA,non-targeting control
GGGGACGCGAAAGAAACCAGT,CGCATGCACT,10,GGTTTCTTTC,10,CGCATGCACTGGTTTCTTTC,non-targeting control
GAACGCGAGTCCGGTGGCTAG,CGCATGCCTA,10,GCCACCGGAC,10,CGCATGCCTAGCCACCGGAC,non-targeting control
GTGTCATTAGCGTAACGATAT,CGCATGCATA,10,TCGTTACGCT,10,CGCATGCATATCGTTACGCT,non-targeting control
GAGGGCGAGCAGCAGAGTACG,CGCATGCCGT,10,ACTCTGCTGC,10,CGCATGCCGTACTCTGCTGC,non-targeting control
GCCGTCTCCGCATCGTCTTTT,CGCATGCAAA,10,AGACGATGCG,10,CGCATGCAAAAGACGATGCG,non-targeting control
GCGTGCGTGAAATCGCTAGCT,CGCATGCAGC,10,TAGCGATTTC,10,CGCATGCAGCTAGCGATTTC,non-targeting control
GATCAGGCCTTGTCCGTGATT,CGCATGCAAT,10,CACGGACAAG,10,CGCATGCAATCACGGACAAG,non-targeting control
GCGTCCAGAAGAACGGCCCCT,CGCATGCAGG,10,GGCCGTTCTT,10,CGCATGCAGGGGCCGTTCTT,non-targeting control
GAGAGCGTCTTCGTGACAAAC,CGCATGCGTT,10,TGTCACGAAG,10,CGCATGCGTTTGTCACGAAG,non-targeting control
GGATGGCGCGCAGTTGAGTCA,CGCATGCTGA,10,CTCAACTGCG,10,CGCATGCTGACTCAACTGCG,non-targeting control
GACGCTGACGAGTAAAAGCGG,CGCATGCCCG,10,CTTTTACTCG,10,CGCATGCCCGCTTTTACTCG,non-targeting control
GTATCAATCGTCCGGGTCACT,CGCATGCAGT,10,GACCCGGACG,10,CGCATGCAGTGACCCGGACG,non-targeting control
GTCAGATTCCGCAAGGGTCCA,CGCATGCTGG,10,ACCCTTGCGG,10,CGCATGCTGGACCCTTGCGG,non-targeting control
GGCGATCGGAGTGCCACGATA,CGCATGCTAT,10,CGTGGCACTC,10,CGCATGCTATCGTGGCACTC,non-targeting control
GATATAAACTGTCGCGGTAAA,CGCATGCTTT,10,ACCGCGACAG,10,CGCATGCTTTACCGCGACAG,non-targeting control
GGTTACCTGCTACGAAAACGA,CGCATGCTCG,10,TTTTCGTAGC,10,CGCATGCTCGTTTTCGTAGC,non-targeting control
GGAAGCGATCCGAGAGTGTAT,CGCATGCATA,10,CACTCTCGGA,10,CGCATGCATACACTCTCGGA,non-targeting control
GATGACATTGCGCGTCTACGG,CGCATGCCCG,10,TAGACGCGCA,10,CGCATGCCCGTAGACGCGCA,non-targeting control
GATACCAGATGCGTCCGCTTG,CGCATGCCAA,10,GCGGACGCAT,10,CGCATGCCAAGCGGACGCAT,non-targeting control
GAACGTGCTGACGATGCGGGC,CGCATGCGCC,10,CGCATCGTCA,10,CGCATGCGCCCGCATCGTCA,non-targeting control
GCGGCACCTGTTAGGCTATTC,CGCATGCGAA,10,TAGCCTAACA,10,CGCATGCGAATAGCCTAACA,non-targeting control
GAGGATCGTGTACCGGGGACG,CGCATGCCGT,10,CCCCGGTACA,10,CGCATGCCGTCCCCGGTACA,non-targeting control
GCGACAACGTGCAGGTGTATC,CGCATGCGAT,10,ACACCTGCAC,10,CGCATGCGATACACCTGCAC,non-targeting control
GACTCGAAATCACCTATGGTA,CGCATGCTAC,10,CATAGGTGAT,10,CGCATGCTACCATAGGTGAT,non-targeting control
GTCTCGTAGCCTAATGCGCCA,CGCATGCTGG,10,CGCATTAGGC,10,CGCATGCTGGCGCATTAGGC,non-targeting control
GTTATGTGAGCACGCCATTAC,CGCATGCGTA,10,ATGGCGTGCT,10,CGCATGCGTAATGGCGTGCT,non-targeting control
GCGACGGTAATGCACCTACTA,CGCATGCTAG,10,TAGGTGCATT,10,CGCATGCTAGTAGGTGCATT,non-targeting control
GATCTGTGTGACTGCGGTCGG,CGCATGCCCG,10,ACCGCAGTCA,10,CGCATGCCCGACCGCAGTCA,non-targeting control
GTGGAAAGCGAGCACACCGTC,CGCATGCGAC,10,GGTGTGCTCG,10,CGCATGCGACGGTGTGCTCG,non-targeting control
GCAGCGCCGAAACTCTTTCCG,CGCATGCCGG,10,AAAGAGTTTC,10,CGCATGCCGGAAAGAGTTTC,non-targeting control
GTGCCGTTAGCATGCGATCCC,CGCATGCGGG,10,ATCGCATGCT,10,CGCATGCGGGATCGCATGCT,non-targeting control
GTCGTAAACACACGACCAAGT,CGCATGCACT,10,TGGTCGTGTG,10,CGCATGCACTTGGTCGTGTG,non-targeting control
GACTACTCCGGCAAATACTCG,CGCATGCCGA,10,GTATTTGCCG,10,CGCATGCCGAGTATTTGCCG,non-targeting control
GGCCCTTCAATGCGTTCCGTA,CGCATGCTAC,10,GGAACGCATT,10,CGCATGCTACGGAACGCATT,non-targeting control
GCAACACCCCGCGTTATGCTA,CGCATGCTAG,10,CATAACGCGG,10,CGCATGCTAGCATAACGCGG,non-targeting control
GGCTGATATATACGACAAGCC,CGCATGCGGC,10,TTGTCGTATA,10,CGCATGCGGCTTGTCGTATA,non-targeting control
GGGTATTCCGAAGTCCTCCGC,CGCATGCGCG,10,GAGGACTTCG,10,CGCATGCGCGGAGGACTTCG,non-targeting control
GGGTCGCCTGTGCGACATGCT,CGCATGCAGC,10,ATGTCGCACA,10,CGCATGCAGCATGTCGCACA,non-targeting control
GCTAATCACGACCTCACCCTA,CGCATGCTAG,10,GGTGAGGTCG,10,CGCATGCTAGGGTGAGGTCG,non-targeting control
GATCGGTACCTCTTCACATAT,CGCATGCATA,10,TGTGAAGAGG,10,CGCATGCATATGTGAAGAGG,non-targeting control
GTTGCGTCAGCGCTGCACATC,CGCATGCGAT,10,GTGCAGCGCT,10,CGCATGCGATGTGCAGCGCT,non-targeting control
GCGGTGTGCCCCCAAATATTG,CGCATGCCAA,10,TATTTGGGGG,10,CGCATGCCAATATTTGGGGG,non-targeting control
GCGTGCGGTAAATACGAAATA,CGCATGCTAT,10,TTCGTATTTA,10,CGCATGCTATTTCGTATTTA,non-targeting control
GATACGAGGCGCTTTTCTTTG,CGCATGCCAA,10,AGAAAAGCGC,10,CGCATGCCAAAGAAAAGCGC,non-targeting control
GTGTGCACAAGTCGCAACGAA,CGCATGCTTC,10,GTTGCGACTT,10,CGCATGCTTCGTTGCGACTT,non-targeting control
GCTCGGCCCACTTGCGTTATA,CGCATGCTAT,10,AACGCAAGTG,10,CGCATGCTATAACGCAAGTG,non-targeting control
GTATACTGCGGATCAATCTGA,CGCATGCTCA,10,GATTGATCCG,10,CGCATGCTCAGATTGATCCG,non-targeting control
GAAAGCGACGTAGGCATACTT,CGCATGCAAG,10,TATGCCTACG,10,CGCATGCAAGTATGCCTACG,non-targeting control
GACGATCGGTAATGGTCTGTT,CGCATGCAAC,10,AGACCATTAC,10,CGCATGCAACAGACCATTAC,non-targeting control
GGGGCCTACGATCAGAGGTGT,CGCATGCACA,10,CCTCTGATCG,10,CGCATGCACACCTCTGATCG,non-targeting control
GCGCAGTCATTCGATAGGAAT,CGCATGCATT,10,CCTATCGAAT,10,CGCATGCATTCCTATCGAAT,non-targeting control
GGGCGATTCGGGTGGAGGTCG,CGCATGCCGA,10,CCTCCACCCG,10,CGCATGCCGACCTCCACCCG,non-targeting control
GAGTTGAATGGACCTCGACTA,CGCATGCTAG,10,TCGAGGTCCA,10,CGCATGCTAGTCGAGGTCCA,non-targeting control
GGAGTAATTTCGAACGTATTG,CGCATGCCAA,10,TACGTTCGAA,10,CGCATGCCAATACGTTCGAA,non-targeting control
GTTCCACGGTAAAATCGGTCA,CGCATGCTGA,10,CCGATTTTAC,10,CGCATGCTGACCGATTTTAC,non-targeting control
GACTGTTGCCGCGCCAACTGC,CGCATGCGCA,10,GTTGGCGCGG,10,CGCATGCGCAGTTGGCGCGG,non-targeting control
GCCGGCAAGAAACTATACTTG,CGCATGCCAA,10,GTATAGTTTC,10,CGCATGCCAAGTATAGTTTC,non-targeting control
GTAGTGGGAATGGTCGCGTAG,CGCATGCCTA,10,CGCGACCATT,10,CGCATGCCTACGCGACCATT,non-targeting control
GCCGCTGTCTCACTAATCTCA,CGCATGCTGA,10,GATTAGTGAG,10,CGCATGCTGAGATTAGTGAG,non-targeting control
GTGCTACCTTCGGGACCACCA,CGCATGCTGG,10,TGGTCCCGAA,10,CGCATGCTGGTGGTCCCGAA,non-targeting control
GCTTAGCTGACCGACAAGGTG,CGCATGCCAC,10,CTTGTCGGTC,10,CGCATGCCACCTTGTCGGTC,non-targeting control
GCTTAAGCTTATCAACATCCG,CGCATGCCGG,10,ATGTTGATAA,10,CGCATGCCGGATGTTGATAA,non-targeting control
GACGGAAAGACCTCGCTATTC,CGCATGCGAA,10,TAGCGAGGTC,10,CGCATGCGAATAGCGAGGTC,non-targeting control
GCCCTTCTGGCGGGCCAAACA,CGCATGCTGT,10,TTGGCCCGCC,10,CGCATGCTGTTTGGCCCGCC,non-targeting control
GTCTGACGATTAATGCTTCTA,CGCATGCTAG,10,AAGCATTAAT,10,CGCATGCTAGAAGCATTAAT,non-targeting control
GGCGGAATGAACACGAGGTAG,CGCATGCCTA,10,CCTCGTGTTC,10,CGCATGCCTACCTCGTGTTC,non-targeting control
GCAGACGGTTGGTAAGGACGC,CGCATGCGCG,10,TCCTTACCAA,10,CGCATGCGCGTCCTTACCAA,non-targeting control
GGGGACTGATATATGGCGAAC,CGCATGCGTT,10,CGCCATATAT,10,CGCATGCGTTCGCCATATAT,non-targeting control
GAGAAGACCGAGGCGCTTCAA,CGCATGCTTG,10,AAGCGCCTCG,10,CGCATGCTTGAAGCGCCTCG,non-targeting control
GCAGGTTTGCACGCATAGCTA,CGCATGCTAG,10,CTATGCGTGC,10,CGCATGCTAGCTATGCGTGC,non-targeting control
GGGCCGTCGTATTCCCCCAAG,CGCATGCCTT,10,GGGGGAATAC,10,CGCATGCCTTGGGGGAATAC,non-targeting control
GCTCCCATTGATCTACGATGG,CGCATGCCCA,10,TCGTAGATCA,10,CGCATGCCCATCGTAGATCA,non-targeting control
GTTTCGTGCCGATGTAACACA,CGCATGCTGT,10,GTTACATCGG,10,CGCATGCTGTGTTACATCGG,non-targeting control
GATCACGTGATCGGATGGTTC,CGCATGCGAA,10,CCATCCGATC,10,CGCATGCGAACCATCCGATC,non-targeting control
GGCCTATCGGCATTCCCACTG,CGCATGCCAG,10,TGGGAATGCC,10,CGCATGCCAGTGGGAATGCC,non-targeting control
GCAACGACGGGCCTAGTCTCA,CGCATGCTGA,10,GACTAGGCCC,10,CGCATGCTGAGACTAGGCCC,non-targeting control
GATATTTCGGCAGTTGCAGCA,CGCATGCTGC,10,TGCAACTGCC,10,CGCATGCTGCTGCAACTGCC,non-targeting control
GGATATCCCGCGAAAAAATCT,CGCATGCAGA,10,TTTTTTCGCG,10,CGCATGCAGATTTTTTCGCG,non-targeting control
GTCACTTGTCTATACGGGGTA,CGCATGCTAC,10,CCCGTATAGA,10,CGCATGCTACCCCGTATAGA,non-targeting control
GATGTTATTACAGACGCGTGT,CGCATGCACA,10,CGCGTCTGTA,10,CGCATGCACACGCGTCTGTA,non-targeting control
GTGGGAATTCCTCGGCCGATT,CGCATGCAAT,10,CGGCCGAGGA,10,CGCATGCAATCGGCCGAGGA,non-targeting control
GCGCCTCTCACGTGTAGGCTT,CGCATGCAAG,10,CCTACACGTG,10,CGCATGCAAGCCTACACGTG,non-targeting control
GGGGCGCTAAGATATATGCCC,CGCATGCGGG,10,CATATATCTT,10,CGCATGCGGGCATATATCTT,non-targeting control
GCGTCATATACACAAACGCCC,CGCATGCGGG,10,CGTTTGTGTA,10,CGCATGCGGGCGTTTGTGTA,non-targeting control
GCGTTGGGCATAGCGAACACT,CGCATGCAGT,10,GTTCGCTATG,10,CGCATGCAGTGTTCGCTATG,non-targeting control
GGCGGGGCGGTGACTTTCAAG,CGCATGCCTT,10,GAAAGTCACC,10,CGCATGCCTTGAAAGTCACC,non-targeting control
GAAGGGCGTGCCCTGCGTTGT,CGCATGCACA,10,ACGCAGGGCA,10,CGCATGCACAACGCAGGGCA,non-targeting control
GGCGTTCCCCCACTGACGGGG,CGCATGCCCC,10,CGTCAGTGGG,10,CGCATGCCCCCGTCAGTGGG,non-targeting control
GGATCCAGGAGTGATCGAGTA,CGCATGCTAC,10,TCGATCACTC,10,CGCATGCTACTCGATCACTC,non-targeting control
GAGCATTTGCGCGGCAACTGT,CGCATGCACA,10,GTTGCCGCGC,10,CGCATGCACAGTTGCCGCGC,non-targeting control
GTTGTCCCTGAGAAAACGCGG,CGCATGCCCG,10,CGTTTTCTCA,10,CGCATGCCCGCGTTTTCTCA,non-targeting control
GGTCCTCATCCGGTCAGGCTG,CGCATGCCAG,10,CCTGACCGGA,10,CGCATGCCAGCCTGACCGGA,non-targeting control
GTATAGCTGTTTCGAAGGCGC,CGCATGCGCG,10,CCTTCGAAAC,10,CGCATGCGCGCCTTCGAAAC,non-targeting control
GCGTGGTAGGGGTTTCCTCAA,CGCATGCTTG,10,AGGAAACCCC,10,CGCATGCTTGAGGAAACCCC,non-targeting control
GCCATCACCGATCGTGAGCCT,CGCATGCAGG,10,CTCACGATCG,10,CGCATGCAGGCTCACGATCG,non-targeting control
GTGAATCGTAACCTCGCCATT,CGCATGCAAT,10,GGCGAGGTTA,10,CGCATGCAATGGCGAGGTTA,non-targeting control
GAAGAAGGGCCGTACCCGAAA,CGCATGCTTT,10,CGGGTACGGC,10,CGCATGCTTTCGGGTACGGC,non-targeting control
GCGTGTTTGGAATTTGCCGCG,CGCATGCCGC,10,GGCAAATTCC,10,CGCATGCCGCGGCAAATTCC,non-targeting control
GCAAGTGAGCATAAGCGATGT,CGCATGCACA,10,TCGCTTATGC,10,CGCATGCACATCGCTTATGC,non-targeting control
GAGGACTAGTGTCGCACTCAG,CGCATGCCTG,10,AGTGCGACAC,10,CGCATGCCTGAGTGCGACAC,non-targeting control
GGGCACTCCGAAAGACCTTAT,CGCATGCATA,10,AGGTCTTTCG,10,CGCATGCATAAGGTCTTTCG,non-targeting control
GCCCAGGTGTATAATGAAACG,CGCATGCCGT,10,TTCATTATAC,10,CGCATGCCGTTTCATTATAC,non-targeting control
GGACCGCAAAGTGGTCCGAAG,CGCATGCCTT,10,CGGACCACTT,10,CGCATGCCTTCGGACCACTT,non-targeting control
GGTTGCGAGTTACTATTGGTT,CGCATGCAAC,10,CAATAGTAAC,10,CGCATGCAACCAATAGTAAC,non-targeting control
GTCTAAAGCCGTCCTGATGTT,CGCATGCAAC,10,ATCAGGACGG,10,CGCATGCAACATCAGGACGG,non-targeting control
GGCCGTGGTATCAAGTCGGTA,CGCATGCTAC,10,CGACTTGATA,10,CGCATGCTACCGACTTGATA,non-targeting control
GCGCAATCCCTTAGGATAGCC,CGCATGCGGC,10,TATCCTAAGG,10,CGCATGCGGCTATCCTAAGG,non-targeting control
GATAGGCACCTTAAGGGTCTC,CGCATGCGAG,10,ACCCTTAAGG,10,CGCATGCGAGACCCTTAAGG,non-targeting control
GTTTGGGTTTATCCGCCCCCA,CGCATGCTGG,10,GGGCGGATAA,10,CGCATGCTGGGGGCGGATAA,non-targeting control
GCTAGAGGGGTATAGCAACAA,CGCATGCTTG,10,TTGCTATACC,10,CGCATGCTTGTTGCTATACC,non-targeting control
GCTCGGGACTAACGTGAGAGC,CGCATGCGCT,10,CTCACGTTAG,10,CGCATGCGCTCTCACGTTAG,non-targeting control
GCCCCGTAGCTCATTAGTCTG,CGCATGCCAG,10,ACTAATGAGC,10,CGCATGCCAGACTAATGAGC,non-targeting control
GGAAAACACGATGACGTCTCT,CGCATGCAGA,10,GACGTCATCG,10,CGCATGCAGAGACGTCATCG,non-targeting control
GGACGCCCTAATGCCCATCGT,CGCATGCACG,10,ATGGGCATTA,10,CGCATGCACGATGGGCATTA,non-targeting control
GGGATATTGAGTAAACCCGAT,CGCATGCATC,10,GGGTTTACTC,10,CGCATGCATCGGGTTTACTC,non-targeting control
GTGACTCGGGCAATATCGGTT,CGCATGCAAC,10,CGATATTGCC,10,CGCATGCAACCGATATTGCC,non-targeting control
GGATCTAGTCCTCTAATCGAT,CGCATGCATC,10,GATTAGAGGA,10,CGCATGCATCGATTAGAGGA,non-targeting control
GCATAAGGTTAACTGCGTGGA,CGCATGCTCC,10,ACGCAGTTAA,10,CGCATGCTCCACGCAGTTAA,non-targeting control
GGGTACCTGAACAACGGCACC,CGCATGCGGT,10,GCCGTTGTTC,10,CGCATGCGGTGCCGTTGTTC,non-targeting control
GTGGCGGCCCAAACTTAACAC,CGCATGCGTG,10,TTAAGTTTGG,10,CGCATGCGTGTTAAGTTTGG,non-targeting control
GGGGCGGTCAGGTCGCTCCGA,CGCATGCTCG,10,GAGCGACCTG,10,CGCATGCTCGGAGCGACCTG,non-targeting control
GTCCGGAGGCTCAAACCAAGT,CGCATGCACT,10,TGGTTTGAGC,10,CGCATGCACTTGGTTTGAGC,non-targeting control
GGCTTGCTATATGGGTGCGAG,CGCATGCCTC,10,GCACCCATAT,10,CGCATGCCTCGCACCCATAT,non-targeting control
GTCGGCTACGGCGTGGAGAAG,CGCATGCCTT,10,CTCCACGCCG,10,CGCATGCCTTCTCCACGCCG,non-targeting control
GCCCGTGGCGTGCGCACCTGT,CGCATGCACA,10,GGTGCGCACG,10,CGCATGCACAGGTGCGCACG,non-targeting control
GGGCTGGTTGACGACTCCTGA,CGCATGCTCA,10,GGAGTCGTCA,10,CGCATGCTCAGGAGTCGTCA,non-targeting control
GGGTGCGGTCTGCTTGTAGAT,CGCATGCATC,10,TACAAGCAGA,10,CGCATGCATCTACAAGCAGA,non-targeting control
GTGCCTATGACCTAGGTACCA,CGCATGCTGG,10,TACCTAGGTC,10,CGCATGCTGGTACCTAGGTC,non-targeting control
GGACAGATCACGTATCAGGGC,CGCATGCGCC,10,CTGATACGTG,10,CGCATGCGCCCTGATACGTG,non-targeting control
GGAGGTATGTCATCGCCATGA,CGCATGCTCA,10,TGGCGATGAC,10,CGCATGCTCATGGCGATGAC,non-targeting control
GGCCATTCTAGTCCCGGCATA,CGCATGCTAT,10,GCCGGGACTA,10,CGCATGCTATGCCGGGACTA,non-targeting control
GTGAATCGAATACAAACGATG,CGCATGCCAT,10,CGTTTGTATT,10,CGCATGCCATCGTTTGTATT,non-targeting control
GGTTACGTACCCTCCAACTTC,CGCATGCGAA,10,GTTGGAGGGT,10,CGCATGCGAAGTTGGAGGGT,non-targeting control
GCCAATGATAAGCCCGAACGG,CGCATGCCCG,10,TTCGGGCTTA,10,CGCATGCCCGTTCGGGCTTA,non-targeting control
GAGCGATTCACGTATTAGATG,CGCATGCCAT,10,CTAATACGTG,10,CGCATGCCATCTAATACGTG,non-targeting control
GGCCAACAAGAATCGGATCCC,CGCATGCGGG,10,ATCCGATTCT,10,CGCATGCGGGATCCGATTCT,non-targeting control
GACTTACGGCACTCGCATGCC,CGCATGCGGC,10,ATGCGAGTGC,10,CGCATGCGGCATGCGAGTGC,non-targeting control
GGATATGGCTCGAGTAATCTT,CGCATGCAAG,10,ATTACTCGAG,10,CGCATGCAAGATTACTCGAG,non-targeting control
GGTATCCCATATCGGCACAGG,CGCATGCCCT,10,GTGCCGATAT,10,CGCATGCCCTGTGCCGATAT,non-targeting control
GATGCTGCAGCTTTACGATCA,CGCATGCTGA,10,TCGTAAAGCT,10,CGCATGCTGATCGTAAAGCT,non-targeting control
GGAGTGATGCTTAGACTCCGT,CGCATGCACG,10,GAGTCTAAGC,10,CGCATGCACGGAGTCTAAGC,non-targeting control
GACATACCCCCCTGGTTCAGA,CGCATGCTCT,10,GAACCAGGGG,10,CGCATGCTCTGAACCAGGGG,non-targeting control
GGCCCCTTATGATTGTTATAG,CGCATGCCTA,10,TAACAATCAT,10,CGCATGCCTATAACAATCAT,non-targeting control
GAGGTCGGCCGAACATACGGT,CGCATGCACC,10,GTATGTTCGG,10,CGCATGCACCGTATGTTCGG,non-targeting control
GATTGCGCAATCCTTAGGATA,CGCATGCTAT,10,CCTAAGGATT,10,CGCATGCTATCCTAAGGATT,non-targeting control
GGAAGCGGGACCGTGTCTCAC,CGCATGCGTG,10,AGACACGGTC,10,CGCATGCGTGAGACACGGTC,non-targeting control
GGTGTATGATGCTTCGACTTA,CGCATGCTAA,10,GTCGAAGCAT,10,CGCATGCTAAGTCGAAGCAT,non-targeting control
GCCTACTCCCGTGTGTTATCC,CGCATGCGGA,10,TAACACACGG,10,CGCATGCGGATAACACACGG,non-targeting control
GACAGCCCTCACGAGCCCGAA,CGCATGCTTC,10,GGGCTCGTGA,10,CGCATGCTTCGGGCTCGTGA,non-targeting control
GGCTGTTGTAACGGTAGATAT,CGCATGCATA,10,TCTACCGTTA,10,CGCATGCATATCTACCGTTA,non-targeting control
GTACGAAACATCATGGGTTCC,CGCATGCGGA,10,ACCCATGATG,10,CGCATGCGGAACCCATGATG,non-targeting control
GCGCACGACCATTGCTGCTGC,CGCATGCGCA,10,GCAGCAATGG,10,CGCATGCGCAGCAGCAATGG,non-targeting control
GCATTGCACGCCACAGCATTG,CGCATGCCAA,10,TGCTGTGGCG,10,CGCATGCCAATGCTGTGGCG,non-targeting control
GCGATGCCCGTCTATGGCCCG,CGCATGCCGG,10,GCCATAGACG,10,CGCATGCCGGGCCATAGACG,non-targeting control
GCCAGCAATACCCCGGTATGG,CGCATGCCCA,10,TACCGGGGTA,10,CGCATGCCCATACCGGGGTA,non-targeting control
GTCGAGATGCGCAGCAGATGA,CGCATGCTCA,10,TCTGCTGCGC,10,CGCATGCTCATCTGCTGCGC,non-targeting control
GACGGGGTGAAACCATGTCGT,CGCATGCACG,10,ACATGGTTTC,10,CGCATGCACGACATGGTTTC,non-targeting control
GCCTTGGCGAGACGGAGGTAC,CGCATGCGTA,10,CCTCCGTCTC,10,CGCATGCGTACCTCCGTCTC,non-targeting control
GCCATAGCTCTAGCGATAAAC,CGCATGCGTT,10,TATCGCTAGA,10,CGCATGCGTTTATCGCTAGA,non-targeting control
GAGCTAGCGATGGCTCTAAGT,CGCATGCACT,10,TAGAGCCATC,10,CGCATGCACTTAGAGCCATC,non-targeting control
GCGGGTCTCCAAAGATCGCTT,CGCATGCAAG,10,CGATCTTTGG,10,CGCATGCAAGCGATCTTTGG,non-targeting control
GGGTCCGCGCACAAGAGCAGG,CGCATGCCCT,10,GCTCTTGTGC,10,CGCATGCCCTGCTCTTGTGC,non-targeting control
GCAACCGGCGGGCCCCTACAA,CGCATGCTTG,10,TAGGGGCCCG,10,CGCATGCTTGTAGGGGCCCG,non-targeting control
GTCCTCGATAGCTGGAATCCA,CGCATGCTGG,10,ATTCCAGCTA,10,CGCATGCTGGATTCCAGCTA,non-targeting control
GTACGGATCACCAAATCTTAG,CGCATGCCTA,10,AGATTTGGTG,10,CGCATGCCTAAGATTTGGTG,non-targeting control
GCTCGCACCATTGAGGGTAGT,CGCATGCACT,10,ACCCTCAATG,10,CGCATGCACTACCCTCAATG,non-targeting control
GTCGGGGACCACCCACGATCC,CGCATGCGGA,10,TCGTGGGTGG,10,CGCATGCGGATCGTGGGTGG,non-targeting control
GCCTGCGGTGCACGGCTAGCC,CGCATGCGGC,10,TAGCCGTGCA,10,CGCATGCGGCTAGCCGTGCA,non-targeting control
GACCGCTCATATAGGTAAAAA,CGCATGCTTT,10,TTACCTATAT,10,CGCATGCTTTTTACCTATAT,non-targeting control
GAGTATTGTGGTGTCGTCAAC,CGCATGCGTT,10,GACGACACCA,10,CGCATGCGTTGACGACACCA,non-targeting control
GTGACGCTCCACGTCCGGACC,CGCATGCGGT,10,CCGGACGTGG,10,CGCATGCGGTCCGGACGTGG,non-targeting control
GGCTCGCAAGTATTTAAGGAC,CGCATGCGTC,10,CTTAAATACT,10,CGCATGCGTCCTTAAATACT,non-targeting control
GGCCAGGGTTCTTGGTCCCGA,CGCATGCTCG,10,GGACCAAGAA,10,CGCATGCTCGGGACCAAGAA,non-targeting control
GGTCGCTGCGCCAGTGAGAAC,CGCATGCGTT,10,CTCACTGGCG,10,CGCATGCGTTCTCACTGGCG,non-targeting control
GCCCGCTAACAGCCTAGATCA,CGCATGCTGA,10,TCTAGGCTGT,10,CGCATGCTGATCTAGGCTGT,non-targeting control
GTTGTACGGTACTGGCTTTGT,CGCATGCACA,10,AAGCCAGTAC,10,CGCATGCACAAAGCCAGTAC,non-targeting control
GCAGGCTGCGCTTCGCAAGCT,CGCATGCAGC,10,TTGCGAAGCG,10,CGCATGCAGCTTGCGAAGCG,non-targeting control
GGCCTAGTCTCGGTAAGAGTG,CGCATGCCAC,10,TCTTACCGAG,10,CGCATGCCACTCTTACCGAG,non-targeting control
GGGACGCACCATTCCGGGTGA,CGCATGCTCA,10,CCCGGAATGG,10,CGCATGCTCACCCGGAATGG,non-targeting control
GGATTGTGGTCGCTCAAAACC,CGCATGCGGT,10,TTTGAGCGAC,10,CGCATGCGGTTTTGAGCGAC,non-targeting control
GCTATAACCGAATCAAAGGGT,CGCATGCACC,10,CTTTGATTCG,10,CGCATGCACCCTTTGATTCG,non-targeting control
GAAATTGGCTTTCGTTCGTGC,CGCATGCGCA,10,CGAACGAAAG,10,CGCATGCGCACGAACGAAAG,non-targeting control
GTCACCTCCGAACGAACACCT,CGCATGCAGG,10,TGTTCGTTCG,10,CGCATGCAGGTGTTCGTTCG,non-targeting control
GGGAGATGCGGCCTTCTCAAA,CGCATGCTTT,10,GAGAAGGCCG,10,CGCATGCTTTGAGAAGGCCG,non-targeting control
GCTTAGGATTCCGAGGTATCT,CGCATGCAGA,10,TACCTCGGAA,10,CGCATGCAGATACCTCGGAA,non-targeting control
GGAACTGGCAAACAGGCGTGG,CGCATGCCCA,10,CGCCTGTTTG,10,CGCATGCCCACGCCTGTTTG,non-targeting control
GCCTGTCGCTATCGTTAGAGA,CGCATGCTCT,10,CTAACGATAG,10,CGCATGCTCTCTAACGATAG,non-targeting control
GATAGCAGGACGAGGTTCCTT,CGCATGCAAG,10,GAACCTCGTC,10,CGCATGCAAGGAACCTCGTC,non-targeting control
GGGCGTCAAAATTAGAAGCCG,CGCATGCCGG,10,CTTCTAATTT,10,CGCATGCCGGCTTCTAATTT,non-targeting control
GTCGGCTACAATCTTTGGCAT,CGCATGCATG,10,CCAAAGATTG,10,CGCATGCATGCCAAAGATTG,non-targeting control
GGCACGCTGTACAGACGACAA,CGCATGCTTG,10,TCGTCTGTAC,10,CGCATGCTTGTCGTCTGTAC,non-targeting control
GGAGAGCGTTAGCGTGGGATG,CGCATGCCAT,10,CCCACGCTAA,10,CGCATGCCATCCCACGCTAA,non-targeting control
GTTCAATTCACCGAGGGCGCA,CGCATGCTGC,10,GCCCTCGGTG,10,CGCATGCTGCGCCCTCGGTG,non-targeting control
GTTCGTGGTAGGTATAACTAT,CGCATGCATA,10,GTTATACCTA,10,CGCATGCATAGTTATACCTA,non-targeting control
GTGAGCGGCCTCTAATTAATC,CGCATGCGAT,10,TAATTAGAGG,10,CGCATGCGATTAATTAGAGG,non-targeting control
GCGCTAAATTGTCACACGTTT,CGCATGCAAA,10,CGTGTGACAA,10,CGCATGCAAACGTGTGACAA,non-targeting control
GGGTTAACATCGCCACTCTGA,CGCATGCTCA,10,GAGTGGCGAT,10,CGCATGCTCAGAGTGGCGAT,non-targeting control
GGTTTCTCTTGAACCCCGCGA,CGCATGCTCG,10,CGGGGTTCAA,10,CGCATGCTCGCGGGGTTCAA,non-targeting control
GATGTCTAGACCTAATCGTTT,CGCATGCAAA,10,CGATTAGGTC,10,CGCATGCAAACGATTAGGTC,non-targeting control
GATTCATGCGCCGCCTCCTCT,CGCATGCAGA,10,GGAGGCGGCG,10,CGCATGCAGAGGAGGCGGCG,non-targeting control
GACCCATTGAGAGTCGCCTGA,CGCATGCTCA,10,GGCGACTCTC,10,CGCATGCTCAGGCGACTCTC,non-targeting control
GCACCCGGAACCACTACTGAG,CGCATGCCTC,10,AGTAGTGGTT,10,CGCATGCCTCAGTAGTGGTT,non-targeting control
GGCTGAACGCCGACAGGACGG,CGCATGCCCG,10,TCCTGTCGGC,10,CGCATGCCCGTCCTGTCGGC,non-targeting control
GGCCCAGACGCCCTAGAATAG,CGCATGCCTA,10,TTCTAGGGCG,10,CGCATGCCTATTCTAGGGCG,non-targeting control
GGGGATGCGTCTTGCTAAACC,CGCATGCGGT,10,TTAGCAAGAC,10,CGCATGCGGTTTAGCAAGAC,non-targeting control
GATCGTTGCTGACAGGATCTA,CGCATGCTAG,10,ATCCTGTCAG,10,CGCATGCTAGATCCTGTCAG,non-targeting control
GTAGTCTCACCTGATGGCGTG,CGCATGCCAC,10,GCCATCAGGT,10,CGCATGCCACGCCATCAGGT,non-targeting control
GCCCTACCTATCCGGTGCTTT,CGCATGCAAA,10,GCACCGGATA,10,CGCATGCAAAGCACCGGATA,non-targeting control
GGTTATCCTGTCGAAGTAAAG,CGCATGCCTT,10,TACTTCGACA,10,CGCATGCCTTTACTTCGACA,non-targeting control
GTACTTTTTGGAATCCGTCTA,CGCATGCTAG,10,ACGGATTCCA,10,CGCATGCTAGACGGATTCCA,non-targeting control
GCAGCGGTGCTATTTGGTCTT,CGCATGCAAG,10,ACCAAATAGC,10,CGCATGCAAGACCAAATAGC,non-targeting control
GCTGCGTGTCTTGCTCGCATG,CGCATGCCAT,10,GCGAGCAAGA,10,CGCATGCCATGCGAGCAAGA,non-targeting control
GCCTAGTTCATAAGCTACGCC,CGCATGCGGC,10,GTAGCTTATG,10,CGCATGCGGCGTAGCTTATG,non-targeting control
GTGTCTTCGGATAGGCGGCTT,CGCATGCAAG,10,CCGCCTATCC,10,CGCATGCAAGCCGCCTATCC,non-targeting control
GCGCACATCTAAAGTTACTAC,CGCATGCGTA,10,GTAACTTTAG,10,CGCATGCGTAGTAACTTTAG,non-targeting control
GGTAGGGTACAGCGTCAGCTT,CGCATGCAAG,10,CTGACGCTGT,10,CGCATGCAAGCTGACGCTGT,non-targeting control
GGAAATGCTATGCTTCGGTTC,CGCATGCGAA,10,CCGAAGCATA,10,CGCATGCGAACCGAAGCATA,non-targeting control
GTCAACCCCAGCGCACCGTTG,CGCATGCCAA,10,CGGTGCGCTG,10,CGCATGCCAACGGTGCGCTG,non-targeting control
GAATGCGAGTGTATCCGCAGT,CGCATGCACT,10,GCGGATACAC,10,CGCATGCACTGCGGATACAC,non-targeting control
GTTTATGCATTTAATACGCCG,CGCATGCCGG,10,CGTATTAAAT,10,CGCATGCCGGCGTATTAAAT,non-targeting control
GCATTGCACTCGTTGCCAACG,CGCATGCCGT,10,TGGCAACGAG,10,CGCATGCCGTTGGCAACGAG,non-targeting control
GGCCCCGTAAATCTCATTACA,CGCATGCTGT,10,AATGAGATTT,10,CGCATGCTGTAATGAGATTT,non-targeting control
GTCCGTCTGCTTCATGAGCGG,CGCATGCCCG,10,CTCATGAAGC,10,CGCATGCCCGCTCATGAAGC,non-targeting control
GCTCGGAATACTCCTATTACA,CGCATGCTGT,10,AATAGGAGTA,10,CGCATGCTGTAATAGGAGTA,non-targeting control
GCTAACGGACTGCAGAACGGA,CGCATGCTCC,10,GTTCTGCAGT,10,CGCATGCTCCGTTCTGCAGT,non-targeting control
GACAAAGATCGCATGGCATAC,CGCATGCGTA,10,TGCCATGCGA,10,CGCATGCGTATGCCATGCGA,non-targeting control
GATCTTCTCGACGAAAATGCG,CGCATGCCGC,10,ATTTTCGTCG,10,CGCATGCCGCATTTTCGTCG,non-targeting control
GCATGGCCTACGGTGTCTTTG,CGCATGCCAA,10,AGACACCGTA,10,CGCATGCCAAAGACACCGTA,non-targeting control
GCTGGCCGAATCTCACTATGT,CGCATGCACA,10,TAGTGAGATT,10,CGCATGCACATAGTGAGATT,non-targeting control
GGGGGCTTACGTGAAGGGCGG,CGCATGCCCG,10,CCCTTCACGT,10,CGCATGCCCGCCCTTCACGT,non-targeting control
GACACCCATTCTCATAACGGA,CGCATGCTCC,10,GTTATGAGAA,10,CGCATGCTCCGTTATGAGAA,non-targeting control
GGGCCACGAAGGGCGAAAAGG,CGCATGCCCT,10,TTTCGCCCTT,10,CGCATGCCCTTTTCGCCCTT,non-targeting control
GTAACCGATACTCCCCACATT,CGCATGCAAT,10,GTGGGGAGTA,10,CGCATGCAATGTGGGGAGTA,non-targeting control
GGCACATCGTTATATACCAGA,CGCATGCTCT,10,GGTATATAAC,10,CGCATGCTCTGGTATATAAC,non-targeting control
GCGAGCAAAGATTGTTGGATA,CGCATGCTAT,10,CCAACAATCT,10,CGCATGCTATCCAACAATCT,non-targeting control
GGCCACACGAATCATAAAGAG,CGCATGCCTC,10,TTTATGATTC,10,CGCATGCCTCTTTATGATTC,non-targeting control
GGAGAGTGCGCCTTGATAGTA,CGCATGCTAC,10,TATCAAGGCG,10,CGCATGCTACTATCAAGGCG,non-targeting control
GGGATTTGTCGCTTGCCACAC,CGCATGCGTG,10,TGGCAAGCGA,10,CGCATGCGTGTGGCAAGCGA,non-targeting control
GGGCTTACGTGGGGGGCAAAA,CGCATGCTTT,10,TGCCCCCCAC,10,CGCATGCTTTTGCCCCCCAC,non-targeting control
GCGTTGTAGGGTCTTTCTTGA,CGCATGCTCA,10,AGAAAGACCC,10,CGCATGCTCAAGAAAGACCC,non-targeting control
GATTGCTCTGTCGCATCAATC,CGCATGCGAT,10,TGATGCGACA,10,CGCATGCGATTGATGCGACA,non-targeting control
GCTCAGTGGATACGATTTGCT,CGCATGCAGC,10,AAATCGTATC,10,CGCATGCAGCAAATCGTATC,non-targeting control
GACTACTGGCTATCCGCGCCA,CGCATGCTGG,10,CGCGGATAGC,10,CGCATGCTGGCGCGGATAGC,non-targeting control
GACCCAATGTGGCGGAGCCGA,CGCATGCTCG,10,GCTCCGCCAC,10,CGCATGCTCGGCTCCGCCAC,non-targeting control
GACCTATAATCGACCACATTT,CGCATGCAAA,10,TGTGGTCGAT,10,CGCATGCAAATGTGGTCGAT,non-targeting control
GTAGGAGCTGTATCTAGTGGC,CGCATGCGCC,10,ACTAGATACA,10,CGCATGCGCCACTAGATACA,non-targeting control
GCCAATCTTGAACGTCATGTT,CGCATGCAAC,10,ATGACGTTCA,10,CGCATGCAACATGACGTTCA,non-targeting control
GACCCATATATGCTGCCGCAC,CGCATGCGTG,10,CGGCAGCATA,10,CGCATGCGTGCGGCAGCATA,non-targeting control
GGCCAGGGTATGGGCATCTCG,CGCATGCCGA,10,GATGCCCATA,10,CGCATGCCGAGATGCCCATA,non-targeting control
GCATAGGTCCCTAGCAACTCC,CGCATGCGGA,10,GTTGCTAGGG,10,CGCATGCGGAGTTGCTAGGG,non-targeting control
GATACGCATGATTGCAAGAGG,CGCATGCCCT,10,CTTGCAATCA,10,CGCATGCCCTCTTGCAATCA,non-targeting control
GTTCGTAGGAACTAAACTGTA,CGCATGCTAC,10,AGTTTAGTTC,10,CGCATGCTACAGTTTAGTTC,non-targeting control
GTTTGGTCAACGCATAGCTTG,CGCATGCCAA,10,GCTATGCGTT,10,CGCATGCCAAGCTATGCGTT,non-targeting control
GCGGTGCTGTGAAAGCCGAGC,CGCATGCGCT,10,CGGCTTTCAC,10,CGCATGCGCTCGGCTTTCAC,non-targeting control
GGGCCCTCTAGAAAAGTCTCG,CGCATGCCGA,10,GACTTTTCTA,10,CGCATGCCGAGACTTTTCTA,non-targeting control
GACGGTTATGGTCTCATGGGG,CGCATGCCCC,10,CATGAGACCA,10,CGCATGCCCCCATGAGACCA,non-targeting control
GAACTAGAATAGGCGGGCTTG,CGCATGCCAA,10,GCCCGCCTAT,10,CGCATGCCAAGCCCGCCTAT,non-targeting control
GTAATCACATTGCTTAACCGG,CGCATGCCCG,10,GTTAAGCAAT,10,CGCATGCCCGGTTAAGCAAT,non-targeting control
GACTGCTCCCGGTCGCCCCTC,CGCATGCGAG,10,GGGCGACCGG,10,CGCATGCGAGGGGCGACCGG,non-targeting control
GCGCCCGTTTATGTGGCTACC,CGCATGCGGT,10,AGCCACATAA,10,CGCATGCGGTAGCCACATAA,non-targeting control
GGAGTACAGCGATTCCTCATG,CGCATGCCAT,10,GAGGAATCGC,10,CGCATGCCATGAGGAATCGC,non-targeting control
GTTTCTAGTTACTACTGGACG,CGCATGCCGT,10,CCAGTAGTAA,10,CGCATGCCGTCCAGTAGTAA,non-targeting control
GCACGCACAATCCTTCACGCA,CGCATGCTGC,10,GTGAAGGATT,10,CGCATGCTGCGTGAAGGATT,non-targeting control
GTGCCGCTATACTAAAACCTT,CGCATGCAAG,10,GTTTTAGTAT,10,CGCATGCAAGGTTTTAGTAT,non-targeting control
GGTTTACTCATATCCAGTCAC,CGCATGCGTG,10,ACTGGATATG,10,CGCATGCGTGACTGGATATG,non-targeting control
GTCGGCTCCTGAAGCCAGTAT,CGCATGCATA,10,CTGGCTTCAG,10,CGCATGCATACTGGCTTCAG,non-targeting control
GTCGATGTAGCCCCGCCCAAG,CGCATGCCTT,10,GGGCGGGGCT,10,CGCATGCCTTGGGCGGGGCT,non-targeting control
GAGACCCCGTAGGCAGGACGT,CGCATGCACG,10,TCCTGCCTAC,10,CGCATGCACGTCCTGCCTAC,non-targeting control
GTCCCAAGGGTTTAAGTCGGG,CGCATGCCCC,10,GACTTAAACC,10,CGCATGCCCCGACTTAAACC,non-targeting control
GTATACCAGACCACAGCGCCG,CGCATGCCGG,10,CGCTGTGGTC,10,CGCATGCCGGCGCTGTGGTC,non-targeting control
GCGTGCCTTTACATTCACTTT,CGCATGCAAA,10,GTGAATGTAA,10,CGCATGCAAAGTGAATGTAA,non-targeting control
GTTTTGACTCTAATCACCGGT,CGCATGCACC,10,GGTGATTAGA,10,CGCATGCACCGGTGATTAGA,non-targeting control
GGCTGTTCCGAAGTTGAGAAT,CGCATGCATT,10,CTCAACTTCG,10,CGCATGCATTCTCAACTTCG,non-targeting control
GGCTTAAGTCACGGCTTTCCA,CGCATGCTGG,10,AAAGCCGTGA,10,CGCATGCTGGAAAGCCGTGA,non-targeting control
GACTAGAGTCATGATCAGCGA,CGCATGCTCG,10,CTGATCATGA,10,CGCATGCTCGCTGATCATGA,non-targeting control
GCTGCCCCAGGCGTAATCCTC,CGCATGCGAG,10,GATTACGCCT,10,CGCATGCGAGGATTACGCCT,non-targeting control
GGTCCCGTGATTTTAGCCAGG,CGCATGCCCT,10,GGCTAAAATC,10,CGCATGCCCTGGCTAAAATC,non-targeting control
GGCTTCGCTGGCAGGACCTCA,CGCATGCTGA,10,GGTCCTGCCA,10,CGCATGCTGAGGTCCTGCCA,non-targeting control
GCGTAATTTTGTAATCGCTTC,CGCATGCGAA,10,GCGATTACAA,10,CGCATGCGAAGCGATTACAA,non-targeting control
GAGTCTTGGCCAATGTCACGG,CGCATGCCCG,10,TGACATTGGC,10,CGCATGCCCGTGACATTGGC,non-targeting control
GCCCGGACGTCAAAGCTGGAT,CGCATGCATC,10,CAGCTTTGAC,10,CGCATGCATCCAGCTTTGAC,non-targeting control
GGGTCTCACCTGCACCCCGAA,CGCATGCTTC,10,GGGGTGCAGG,10,CGCATGCTTCGGGGTGCAGG,non-targeting control
GGGTAGACGGGGCATCTCAGC,CGCATGCGCT,10,GAGATGCCCC,10,CGCATGCGCTGAGATGCCCC,non-targeting control
GATGTAACGAGTTGTAAGTCA,CGCATGCTGA,10,CTTACAACTC,10,CGCATGCTGACTTACAACTC,non-targeting control
GTAGTCAACATTCGCAAGAGG,CGCATGCCCT,10,CTTGCGAATG,10,CGCATGCCCTCTTGCGAATG,non-targeting control
GTTTACGAAGTATACCAGGTC,CGCATGCGAC,10,CTGGTATACT,10,CGCATGCGACCTGGTATACT,non-targeting control
GGTAGCTGCTGTAAATCGCAT,CGCATGCATG,10,CGATTTACAG,10,CGCATGCATGCGATTTACAG,non-targeting control
GCGAAACCTCCTAACTGAGAG,CGCATGCCTC,10,TCAGTTAGGA,10,CGCATGCCTCTCAGTTAGGA,non-targeting control
GATAAGCCACACTACCCGCCT,CGCATGCAGG,10,CGGGTAGTGT,10,CGCATGCAGGCGGGTAGTGT,non-targeting control
GTACGTAAGTGACGACAGGAA,CGCATGCTTC,10,CTGTCGTCAC,10,CGCATGCTTCCTGTCGTCAC,non-targeting control
GCTTTATCTGGCGTGGGGTAT,CGCATGCATA,10,CCCCACGCCA,10,CGCATGCATACCCCACGCCA,non-targeting control
GTTAATTTGGGTGGGCCCTGC,CGCATGCGCA,10,GGGCCCACCC,10,CGCATGCGCAGGGCCCACCC,non-targeting control
GCCACTGGTAAAGGCTAGACT,CGCATGCAGT,10,CTAGCCTTTA,10,CGCATGCAGTCTAGCCTTTA,non-targeting control
GCCCCTATGCAGACTACAATT,CGCATGCAAT,10,TGTAGTCTGC,10,CGCATGCAATTGTAGTCTGC,non-targeting control
GCTGGTGACCGACAATTACAC,CGCATGCGTG,10,TAATTGTCGG,10,CGCATGCGTGTAATTGTCGG,non-targeting control
GCTGTCCACCTACAGCGATGT,CGCATGCACA,10,TCGCTGTAGG,10,CGCATGCACATCGCTGTAGG,non-targeting control
GACGTGGGGACATATACGTGT,CGCATGCACA,10,CGTATATGTC,10,CGCATGCACACGTATATGTC,non-targeting control
GTCTGGCTTGCACCGTGTCAT,CGCATGCATG,10,ACACGGTGCA,10,CGCATGCATGACACGGTGCA,non-targeting control
GGTCCAATAAAAAGTGCCACT,CGCATGCAGT,10,GGCACTTTTT,10,CGCATGCAGTGGCACTTTTT,non-targeting control
GGTTCCCCGGGAAGTCTATGC,CGCATGCGCA,10,TAGACTTCCC,10,CGCATGCGCATAGACTTCCC,non-targeting control
GCTGACGTGTCTGAAATGAGT,CGCATGCACT,10,CATTTCAGAC,10,CGCATGCACTCATTTCAGAC,non-targeting control
GATTTCCCTACGGAGATATCC,CGCATGCGGA,10,TATCTCCGTA,10,CGCATGCGGATATCTCCGTA,non-targeting control
GATCAAGTCAGGTTATGCGGG,CGCATGCCCC,10,GCATAACCTG,10,CGCATGCCCCGCATAACCTG,non-targeting control
GGGATACCTGGGCCGACTTTC,CGCATGCGAA,10,AGTCGGCCCA,10,CGCATGCGAAAGTCGGCCCA,non-targeting control
GCTCCGTTATGTGGCATGAGA,CGCATGCTCT,10,CATGCCACAT,10,CGCATGCTCTCATGCCACAT,non-targeting control
GCGCAGGCTAGATGACACCAG,CGCATGCCTG,10,GTGTCATCTA,10,CGCATGCCTGGTGTCATCTA,non-targeting control
GTTCGGAACTTACTCAGGGTA,CGCATGCTAC,10,CCTGAGTAAG,10,CGCATGCTACCCTGAGTAAG,non-targeting control
GGCGGGCAGAACGACCCTGAC,CGCATGCGTC,10,AGGGTCGTTC,10,CGCATGCGTCAGGGTCGTTC,non-targeting control
GATAGGTCATCCACTGGGCGG,CGCATGCCCG,10,CCCAGTGGAT,10,CGCATGCCCGCCCAGTGGAT,non-targeting control
GAAGCGGGCACACATGACAAG,CGCATGCCTT,10,GTCATGTGTG,10,CGCATGCCTTGTCATGTGTG,non-targeting control
GCCGTGTTCCACAACTACCCT,CGCATGCAGG,10,GTAGTTGTGG,10,CGCATGCAGGGTAGTTGTGG,non-targeting control
GGTAAAGAAGCGGAAAGGTCC,CGCATGCGGA,10,CCTTTCCGCT,10,CGCATGCGGACCTTTCCGCT,non-targeting control
GGCCTGCCCTAAACCCCGGAA,CGCATGCTTC,10,CGGGGTTTAG,10,CGCATGCTTCCGGGGTTTAG,non-targeting control
GTACGTCATTAAGAGTTCAAC,CGCATGCGTT,10,GAACTCTTAA,10,CGCATGCGTTGAACTCTTAA,non-targeting control
GCGATGGATCCCTAGTTCCTG,CGCATGCCAG,10,GAACTAGGGA,10,CGCATGCCAGGAACTAGGGA,non-targeting control
GGCTGCGGCGAGATCACATAA,CGCATGCTTA,10,TGTGATCTCG,10,CGCATGCTTATGTGATCTCG,non-targeting control
GCGCGCACCACGGGCGCGCAC,CGCATGCGTG,10,CGCGCCCGTG,10,CGCATGCGTGCGCGCCCGTG,non-targeting control
GCATTGTATGAACGCAATAGC,CGCATGCGCT,10,ATTGCGTTCA,10,CGCATGCGCTATTGCGTTCA,non-targeting control
GCAGAGCCTTGCGCAATTTTG,CGCATGCCAA,10,AATTGCGCAA,10,CGCATGCCAAAATTGCGCAA,non-targeting control
GTGCAGGTCTAGGTCCCAAAG,CGCATGCCTT,10,TGGGACCTAG,10,CGCATGCCTTTGGGACCTAG,non-targeting control
GCCGCGCATTTCAGAGCACAA,CGCATGCTTG,10,TGCTCTGAAA,10,CGCATGCTTGTGCTCTGAAA,non-targeting control
GAAAACAGGACGATGTGCGGC,CGCATGCGCC,10,GCACATCGTC,10,CGCATGCGCCGCACATCGTC,non-targeting control
GACCTATTGTCCCTTCAAGCT,CGCATGCAGC,10,TTGAAGGGAC,10,CGCATGCAGCTTGAAGGGAC,non-targeting control
GAAAAAGCTTCCGCCTGATGG,CGCATGCCCA,10,TCAGGCGGAA,10,CGCATGCCCATCAGGCGGAA,non-targeting control
GTTGCAAAGCTGATCGGCTGT,CGCATGCACA,10,GCCGATCAGC,10,CGCATGCACAGCCGATCAGC,non-targeting control
GAAAATTATCGGAAACGGTAG,CGCATGCCTA,10,CCGTTTCCGA,10,CGCATGCCTACCGTTTCCGA,non-targeting control
GCTGTATTAACGAACCTTGTG,CGCATGCCAC,10,AAGGTTCGTT,10,CGCATGCCACAAGGTTCGTT,non-targeting control
GAGTCATAACTGAGTGAATCG,CGCATGCCGA,10,TTCACTCAGT,10,CGCATGCCGATTCACTCAGT,non-targeting control
GTAGTTACAGACTCAGCGGGT,CGCATGCACC,10,CGCTGAGTCT,10,CGCATGCACCCGCTGAGTCT,non-targeting control
GCCAGGCTGAAGTTCGTACCT,CGCATGCAGG,10,TACGAACTTC,10,CGCATGCAGGTACGAACTTC,non-targeting control
GTATTTATACACTATGCGGCA,CGCATGCTGC,10,CGCATAGTGT,10,CGCATGCTGCCGCATAGTGT,non-targeting control
GCACTTACACATGAGGCGGTA,CGCATGCTAC,10,CGCCTCATGT,10,CGCATGCTACCGCCTCATGT,non-targeting control
GTTTCGCCCAAGAGGCTTGGG,CGCATGCCCC,10,AAGCCTCTTG,10,CGCATGCCCCAAGCCTCTTG,non-targeting control
GCGCGTGTAGCTGGAGACAAG,CGCATGCCTT,10,GTCTCCAGCT,10,CGCATGCCTTGTCTCCAGCT,non-targeting control
GCGGAGTTAACCTGGAACCTT,CGCATGCAAG,10,GTTCCAGGTT,10,CGCATGCAAGGTTCCAGGTT,non-targeting control
GAGCGCTCTGGTTGCATCCCT,CGCATGCAGG,10,GATGCAACCA,10,CGCATGCAGGGATGCAACCA,non-targeting control
GATAGAAGTGTGACCGCTGGG,CGCATGCCCC,10,AGCGGTCACA,10,CGCATGCCCCAGCGGTCACA,non-targeting control
GGGTTGCTGTGACGAACGGGG,CGCATGCCCC,10,CGTTCGTCAC,10,CGCATGCCCCCGTTCGTCAC,non-targeting control
GGTATTAAGATGCGTCTTAGA,CGCATGCTCT,10,AAGACGCATC,10,CGCATGCTCTAAGACGCATC,non-targeting control
GGGCCACAAAAACTCGCTAAG,CGCATGCCTT,10,AGCGAGTTTT,10,CGCATGCCTTAGCGAGTTTT,non-targeting control
GTCTCTCGGAGTGGAGCAACA,CGCATGCTGT,10,TGCTCCACTC,10,CGCATGCTGTTGCTCCACTC,non-targeting control
GGAACCGACTTGAAGGGGGCT,CGCATGCAGC,10,CCCCTTCAAG,10,CGCATGCAGCCCCCTTCAAG,non-targeting control
GACTGAGTGGGTAACACGCAT,CGCATGCATG,10,CGTGTTACCC,10,CGCATGCATGCGTGTTACCC,non-targeting control
GCCTAAGGGGTACCACCATGG,CGCATGCCCA,10,TGGTGGTACC,10,CGCATGCCCATGGTGGTACC,non-targeting control
GTCCCCGAGACCATCTTAGGG,CGCATGCCCC,10,TAAGATGGTC,10,CGCATGCCCCTAAGATGGTC,non-targeting control
GCCTAAACTCAGACGCACTAC,CGCATGCGTA,10,GTGCGTCTGA,10,CGCATGCGTAGTGCGTCTGA,non-targeting control
GTACCCTGGATTGTCCTTGCG,CGCATGCCGC,10,AAGGACAATC,10,CGCATGCCGCAAGGACAATC,non-targeting control
GACGCCATATTTCTGGCTCTA,CGCATGCTAG,10,AGCCAGAAAT,10,CGCATGCTAGAGCCAGAAAT,non-targeting control
GCATCTGTAGGGTTGCAAGCC,CGCATGCGGC,10,TTGCAACCCT,10,CGCATGCGGCTTGCAACCCT,non-targeting control
GTAGCTCGAGTCATTTCTCTA,CGCATGCTAG,10,AGAAATGACT,10,CGCATGCTAGAGAAATGACT,non-targeting control
GTTTAACTGTCCCGGTGTGCA,CGCATGCTGC,10,ACACCGGGAC,10,CGCATGCTGCACACCGGGAC,non-targeting control
GCCTCGTCCAGATTCCGGCGG,CGCATGCCCG,10,CCGGAATCTG,10,CGCATGCCCGCCGGAATCTG,non-targeting control
GAATGGGTTGCCGGGAGTAAA,CGCATGCTTT,10,ACTCCCGGCA,10,CGCATGCTTTACTCCCGGCA,non-targeting control
GTGGATCGGCAGTGGTACTGG,CGCATGCCCA,10,GTACCACTGC,10,CGCATGCCCAGTACCACTGC,non-targeting control
GAAATACAAGCTATAGCGATA,CGCATGCTAT,10,CGCTATAGCT,10,CGCATGCTATCGCTATAGCT,non-targeting control
GCATGAGCGCATTGAATAATA,CGCATGCTAT,10,TATTCAATGC,10,CGCATGCTATTATTCAATGC,non-targeting control
GGACTTTGGTTGAGCTTCAAT,CGCATGCATT,10,GAAGCTCAAC,10,CGCATGCATTGAAGCTCAAC,non-targeting control
GGTTGGCATATTGGCCCAGAC,CGCATGCGTC,10,TGGGCCAATA,10,CGCATGCGTCTGGGCCAATA,non-targeting control
GGGAACCCTCCCTGCGATAGA,CGCATGCTCT,10,ATCGCAGGGA,10,CGCATGCTCTATCGCAGGGA,non-targeting control
GCTCACGGGGACATACAGGGC,CGCATGCGCC,10,CTGTATGTCC,10,CGCATGCGCCCTGTATGTCC,non-targeting control
GGATCATAATCGCTTCAAGCA,CGCATGCTGC,10,TTGAAGCGAT,10,CGCATGCTGCTTGAAGCGAT,non-targeting control
GCGACCCGGAGGATGAGATGT,CGCATGCACA,10,TCTCATCCTC,10,CGCATGCACATCTCATCCTC,non-targeting control
GTATTTTGACTTGACGCAGGC,CGCATGCGCC,10,TGCGTCAAGT,10,CGCATGCGCCTGCGTCAAGT,non-targeting control
GCGGGATGGTCCCTGCCGAGA,CGCATGCTCT,10,CGGCAGGGAC,10,CGCATGCTCTCGGCAGGGAC,non-targeting control
GTAGATTGGCCCCACAAAGCG,CGCATGCCGC,10,TTTGTGGGGC,10,CGCATGCCGCTTTGTGGGGC,non-targeting control
GCCACACCTGTCTAGCATGAC,CGCATGCGTC,10,ATGCTAGACA,10,CGCATGCGTCATGCTAGACA,non-targeting control
GGAACCCAACCTTTTACCGCA,CGCATGCTGC,10,GGTAAAAGGT,10,CGCATGCTGCGGTAAAAGGT,non-targeting control
GGTACACACTTATGCCATCAC,CGCATGCGTG,10,ATGGCATAAG,10,CGCATGCGTGATGGCATAAG,non-targeting control
GGAGTCGAAGATGGTCTAGGA,CGCATGCTCC,10,TAGACCATCT,10,CGCATGCTCCTAGACCATCT,non-targeting control
GTTCCTGCCCGAACTGCAGAA,CGCATGCTTC,10,TGCAGTTCGG,10,CGCATGCTTCTGCAGTTCGG,non-targeting control
GCGGCTGAGGCACCTGGTTTA,CGCATGCTAA,10,ACCAGGTGCC,10,CGCATGCTAAACCAGGTGCC,non-targeting control
GAGGTTGAATACCCCTTACTA,CGCATGCTAG,10,TAAGGGGTAT,10,CGCATGCTAGTAAGGGGTAT,non-targeting control
GCCTGCGCGTAGAACAGTGGT,CGCATGCACC,10,ACTGTTCTAC,10,CGCATGCACCACTGTTCTAC,non-targeting control
GCACGCTTCTGCCATCACCGG,CGCATGCCCG,10,GTGATGGCAG,10,CGCATGCCCGGTGATGGCAG,non-targeting control
GAATCGCAGGTATCCCAGAGC,CGCATGCGCT,10,CTGGGATACC,10,CGCATGCGCTCTGGGATACC,non-targeting control
GTCGGGCAGTGAGTACAATAC,CGCATGCGTA,10,TTGTACTCAC,10,CGCATGCGTATTGTACTCAC,non-targeting control
GGAGACCACTTTCGTGCAAGC,CGCATGCGCT,10,TGCACGAAAG,10,CGCATGCGCTTGCACGAAAG,non-targeting control
GTGTCCCTTGCAACCTCCGTT,CGCATGCAAC,10,GGAGGTTGCA,10,CGCATGCAACGGAGGTTGCA,non-targeting control
GACAAACGACCTTGAGCAGGG,CGCATGCCCC,10,TGCTCAAGGT,10,CGCATGCCCCTGCTCAAGGT,non-targeting control
GGTACATTCCAGTATTCACGC,CGCATGCGCG,10,TGAATACTGG,10,CGCATGCGCGTGAATACTGG,non-targeting control
GGGAGAGGGCCCGCGAACTCA,CGCATGCTGA,10,GTTCGCGGGC,10,CGCATGCTGAGTTCGCGGGC,non-targeting control
GGGCTGGTTGACCTTCCCGCT,CGCATGCAGC,10,GGGAAGGTCA,10,CGCATGCAGCGGGAAGGTCA,non-targeting control
GGATGTGATCTATGGTTGCGA,CGCATGCTCG,10,CAACCATAGA,10,CGCATGCTCGCAACCATAGA,non-targeting control
GACGTCAACTGCTGGAGTGGG,CGCATGCCCC,10,ACTCCAGCAG,10,CGCATGCCCCACTCCAGCAG,non-targeting control
GATTTAAACCGTTACACAGTC,CGCATGCGAC,10,TGTGTAACGG,10,CGCATGCGACTGTGTAACGG,non-targeting control
GCACGCCAACTAAAACTGCAG,CGCATGCCTG,10,CAGTTTTAGT,10,CGCATGCCTGCAGTTTTAGT,non-targeting control
GCCTAGAGGTCCCAAGGCGTG,CGCATGCCAC,10,GCCTTGGGAC,10,CGCATGCCACGCCTTGGGAC,non-targeting control
GCCGTTGATCCCCAGGCGTGC,CGCATGCGCA,10,CGCCTGGGGA,10,CGCATGCGCACGCCTGGGGA,non-targeting control
GCCTCGATGGTCACCTGTAGC,CGCATGCGCT,10,ACAGGTGACC,10,CGCATGCGCTACAGGTGACC,non-targeting control
GGTGCGCATGGGCTGATGTTA,CGCATGCTAA,10,CATCAGCCCA,10,CGCATGCTAACATCAGCCCA,non-targeting control
GAGACTCGTATTGTCATATTA,CGCATGCTAA,10,TATGACAATA,10,CGCATGCTAATATGACAATA,non-targeting control
GGGATCTAGCTACCTCAAAAG,CGCATGCCTT,10,TTGAGGTAGC,10,CGCATGCCTTTTGAGGTAGC,non-targeting control
GAGAACCCAGACGCCAGCGGT,CGCATGCACC,10,GCTGGCGTCT,10,CGCATGCACCGCTGGCGTCT,non-targeting control
GCGAACTTCTGGCTGCAGTTT,CGCATGCAAA,10,CTGCAGCCAG,10,CGCATGCAAACTGCAGCCAG,non-targeting control
GATATGACAGGGCAAACGCAT,CGCATGCATG,10,CGTTTGCCCT,10,CGCATGCATGCGTTTGCCCT,non-targeting control
GGGGACATCCTTGCCGTCTCA,CGCATGCTGA,10,GACGGCAAGG,10,CGCATGCTGAGACGGCAAGG,non-targeting control
GAGCATTCTCACCAAGACCGA,CGCATGCTCG,10,GTCTTGGTGA,10,CGCATGCTCGGTCTTGGTGA,non-targeting control
GATAGTAACGTCAGGGAGTAA,CGCATGCTTA,10,CTCCCTGACG,10,CGCATGCTTACTCCCTGACG,non-targeting control
GCGAATATTATTTCTATCGGG,CGCATGCCCC,10,GATAGAAATA,10,CGCATGCCCCGATAGAAATA,non-targeting control
GGAGTGTAAGCTAACACTCTG,CGCATGCCAG,10,AGTGTTAGCT,10,CGCATGCCAGAGTGTTAGCT,non-targeting control
GATACAATACTTTGGCGCATA,CGCATGCTAT,10,GCGCCAAAGT,10,CGCATGCTATGCGCCAAAGT,non-targeting control
GCTCCCTGCCGGCCGGGTTAG,CGCATGCCTA,10,ACCCGGCCGG,10,CGCATGCCTAACCCGGCCGG,non-targeting control
GGAACCTCCCCGAATATCTGG,CGCATGCCCA,10,GATATTCGGG,10,CGCATGCCCAGATATTCGGG,non-targeting control
GATCTTCAGGGTAACTACGAA,CGCATGCTTC,10,GTAGTTACCC,10,CGCATGCTTCGTAGTTACCC,non-targeting control
GTTCTAAGCCACGTGTGGTAC,CGCATGCGTA,10,CCACACGTGG,10,CGCATGCGTACCACACGTGG,non-targeting control
GAGAAACTGAACTATCCTACT,CGCATGCAGT,10,AGGATAGTTC,10,CGCATGCAGTAGGATAGTTC,non-targeting control
GCAGACCTAGCTCCGCTCCCA,CGCATGCTGG,10,GAGCGGAGCT,10,CGCATGCTGGGAGCGGAGCT,non-targeting control
GAAATGCACAGATCGCTGATC,CGCATGCGAT,10,CAGCGATCTG,10,CGCATGCGATCAGCGATCTG,non-targeting control
GTCAATTCTCACTCACGACCA,CGCATGCTGG,10,TCGTGAGTGA,10,CGCATGCTGGTCGTGAGTGA,non-targeting control
GACGGTGGGGATGGACCTACT,CGCATGCAGT,10,AGGTCCATCC,10,CGCATGCAGTAGGTCCATCC,non-targeting control
GTGTGTTAGCCGAGATCTCTG,CGCATGCCAG,10,AGATCTCGGC,10,CGCATGCCAGAGATCTCGGC,non-targeting control
GGCTAGTGTCGTGGGGGATGA,CGCATGCTCA,10,TCCCCCACGA,10,CGCATGCTCATCCCCCACGA,non-targeting control
GCGAAGTCTTTCTTAGATGGT,CGCATGCACC,10,ATCTAAGAAA,10,CGCATGCACCATCTAAGAAA,non-targeting control
GTATTTCTCCTAAGTCTAGCG,CGCATGCCGC,10,TAGACTTAGG,10,CGCATGCCGCTAGACTTAGG,non-targeting control
GATGCGAAACGACATTTATTA,CGCATGCTAA,10,TAAATGTCGT,10,CGCATGCTAATAAATGTCGT,non-targeting control
GCATGATAGATCAGTCTTCCC,CGCATGCGGG,10,AAGACTGATC,10,CGCATGCGGGAAGACTGATC,non-targeting control
GAGTGGGGCGCTAAGTGGGGG,CGCATGCCCC,10,CCACTTAGCG,10,CGCATGCCCCCCACTTAGCG,non-targeting control
GCCCAATGGCTTCTGCGTGAC,CGCATGCGTC,10,ACGCAGAAGC,10,CGCATGCGTCACGCAGAAGC,non-targeting control
GAGATTCATTCACGAGTTGGG,CGCATGCCCC,10,AACTCGTGAA,10,CGCATGCCCCAACTCGTGAA,non-targeting control
GAGCTTTCGAAATTGAGTGTC,CGCATGCGAC,10,ACTCAATTTC,10,CGCATGCGACACTCAATTTC,non-targeting control
GCTAAGTTTGTTAATGGGCCA,CGCATGCTGG,10,CCCATTAACA,10,CGCATGCTGGCCCATTAACA,non-targeting control
GCTTTTTTTATTTATCGATCG,CGCATGCCGA,10,TCGATAAATA,10,CGCATGCCGATCGATAAATA,non-targeting control
GTGTAGCTAAGTGAGTATGCC,CGCATGCGGC,10,ATACTCACTT,10,CGCATGCGGCATACTCACTT,non-targeting control
GAGTAGACGGACGGTGAGCTG,CGCATGCCAG,10,CTCACCGTCC,10,CGCATGCCAGCTCACCGTCC,non-targeting control
GTTGTCCGTGACCCTGATTAA,CGCATGCTTA,10,ATCAGGGTCA,10,CGCATGCTTAATCAGGGTCA,non-targeting control
GTCTACGTGTAGTTGTACATA,CGCATGCTAT,10,GTACAACTAC,10,CGCATGCTATGTACAACTAC,non-targeting control
GCAATGGCGTGGACATTTGAT,CGCATGCATC,10,AAATGTCCAC,10,CGCATGCATCAAATGTCCAC,non-targeting control
GTTCAGCGAGTGTGACTAAGC,CGCATGCGCT,10,TAGTCACACT,10,CGCATGCGCTTAGTCACACT,non-targeting control
GCACATGGGGTACAGCACACC,CGCATGCGGT,10,GTGCTGTACC,10,CGCATGCGGTGTGCTGTACC,non-targeting control
GCAAAAGTCTCGCTTGGTCCT,CGCATGCAGG,10,ACCAAGCGAG,10,CGCATGCAGGACCAAGCGAG,non-targeting control
GGGTTTTATAAGGGTGGGCCT,CGCATGCAGG,10,CCCACCCTTA,10,CGCATGCAGGCCCACCCTTA,non-targeting control
GTCGGAAGCAAACTTCTGGAG,CGCATGCCTC,10,CAGAAGTTTG,10,CGCATGCCTCCAGAAGTTTG,non-targeting control
GACTATCATGGCACCCAATTG,CGCATGCCAA,10,TTGGGTGCCA,10,CGCATGCCAATTGGGTGCCA,non-targeting control
GTTAGCCAGTAGTGCATATGA,CGCATGCTCA,10,TATGCACTAC,10,CGCATGCTCATATGCACTAC,non-targeting control
GGGGACTGTAGGAACATCCGC,CGCATGCGCG,10,GATGTTCCTA,10,CGCATGCGCGGATGTTCCTA,non-targeting control
GAAGAATTAGGCACGGTTACT,CGCATGCAGT,10,AACCGTGCCT,10,CGCATGCAGTAACCGTGCCT,non-targeting control
GTTTTTCTCACCCGATGAATC,CGCATGCGAT,10,TCATCGGGTG,10,CGCATGCGATTCATCGGGTG,non-targeting control
GAAACCCTATGCCCAAATGAG,CGCATGCCTC,10,ATTTGGGCAT,10,CGCATGCCTCATTTGGGCAT,non-targeting control
GAGGCTTAAATGGCGAGATTG,CGCATGCCAA,10,TCTCGCCATT,10,CGCATGCCAATCTCGCCATT,non-targeting control
GCATTAGTCTGATACCTGTGC,CGCATGCGCA,10,CAGGTATCAG,10,CGCATGCGCACAGGTATCAG,non-targeting control
GGGTGCTTAGCTCTGCGCACA,CGCATGCTGT,10,GCGCAGAGCT,10,CGCATGCTGTGCGCAGAGCT,non-targeting control
GAGGCCACAAATTGTATACAG,CGCATGCCTG,10,TATACAATTT,10,CGCATGCCTGTATACAATTT,non-targeting control
GATGCCTTAGACTTAACCTCG,CGCATGCCGA,10,GGTTAAGTCT,10,CGCATGCCGAGGTTAAGTCT,non-targeting control
GCCAGTGCCCTTTTGTCGCAA,CGCATGCTTG,10,CGACAAAAGG,10,CGCATGCTTGCGACAAAAGG,non-targeting control
GAGCGATCTGGACACTCTCCA,CGCATGCTGG,10,AGAGTGTCCA,10,CGCATGCTGGAGAGTGTCCA,non-targeting control
GAGTCTTAAAGACCCTAAGCT,CGCATGCAGC,10,TTAGGGTCTT,10,CGCATGCAGCTTAGGGTCTT,non-targeting control
GAGGTAAGCCCCTTAGAACTG,CGCATGCCAG,10,TTCTAAGGGG,10,CGCATGCCAGTTCTAAGGGG,non-targeting control
GTTGGTCCGAGTCTGGAGAAA,CGCATGCTTT,10,CTCCAGACTC,10,CGCATGCTTTCTCCAGACTC,non-targeting control
GCAAAAAGGCGTTTGAGCGTG,CGCATGCCAC,10,GCTCAAACGC,10,CGCATGCCACGCTCAAACGC,non-targeting control
GGTGTAAATCTGTCCAAGTAG,CGCATGCCTA,10,CTTGGACAGA,10,CGCATGCCTACTTGGACAGA,non-targeting control
GAATCTTACTCGTCCTCCTTG,CGCATGCCAA,10,GGAGGACGAG,10,CGCATGCCAAGGAGGACGAG,non-targeting control
GGACCTATGCCAGAAAGTTCG,CGCATGCCGA,10,ACTTTCTGGC,10,CGCATGCCGAACTTTCTGGC,non-targeting control
GATGCGCAGCTCCAGAATTTT,CGCATGCAAA,10,ATTCTGGAGC,10,CGCATGCAAAATTCTGGAGC,non-targeting control
GGGTCCCTCAGGGTGCAACTT,CGCATGCAAG,10,TTGCACCCTG,10,CGCATGCAAGTTGCACCCTG,non-targeting control
GGCCCCAAGCTAGAACTCAGC,CGCATGCGCT,10,GAGTTCTAGC,10,CGCATGCGCTGAGTTCTAGC,non-targeting control
GCCATTCCGTAAGGGCTTGGA,CGCATGCTCC,10,AAGCCCTTAC,10,CGCATGCTCCAAGCCCTTAC,non-targeting control
GAAACCTAGCCCCAATACTTA,CGCATGCTAA,10,GTATTGGGGC,10,CGCATGCTAAGTATTGGGGC,non-targeting control
GTACGGGTGTCTCCATCTTGC,CGCATGCGCA,10,AGATGGAGAC,10,CGCATGCGCAAGATGGAGAC,non-targeting control
GGGTCTGCTCCAATGGGAACC,CGCATGCGGT,10,TCCCATTGGA,10,CGCATGCGGTTCCCATTGGA,non-targeting control
GCTTACCCCTATTATAATGAA,CGCATGCTTC,10,ATTATAATAG,10,CGCATGCTTCATTATAATAG,non-targeting control
GGAGCAATCCAAAGTTAACGG,CGCATGCCCG,10,TTAACTTTGG,10,CGCATGCCCGTTAACTTTGG,non-targeting control
GTCACTTTACACTTGTAGTGT,CGCATGCACA,10,CTACAAGTGT,10,CGCATGCACACTACAAGTGT,non-targeting control
GTTCTTAGAAGTTGCTCCACG,CGCATGCCGT,10,GGAGCAACTT,10,CGCATGCCGTGGAGCAACTT,non-targeting control
GATCTCTATACTGTCACTCGC,CGCATGCGCG,10,AGTGACAGTA,10,CGCATGCGCGAGTGACAGTA,non-targeting control
GGAACGTAGAAATTCCCATTT,CGCATGCAAA,10,TGGGAATTTC,10,CGCATGCAAATGGGAATTTC,non-targeting control
GCGAGTGGGAAACGGGAATCA,CGCATGCTGA,10,TTCCCGTTTC,10,CGCATGCTGATTCCCGTTTC,non-targeting control
GATTGAGAATTCGTTTCAAGG,CGCATGCCCT,10,TGAAACGAAT,10,CGCATGCCCTTGAAACGAAT,non-targeting control
GCATCATAAATGTACAACGGG,CGCATGCCCC,10,GTTGTACATT,10,CGCATGCCCCGTTGTACATT,non-targeting control
GTCCCTCCTAGTCAAGAAGAG,CGCATGCCTC,10,TTCTTGACTA,10,CGCATGCCTCTTCTTGACTA,non-targeting control
GCGACTGACCCCTGGGTGAAG,CGCATGCCTT,10,CACCCAGGGG,10,CGCATGCCTTCACCCAGGGG,non-targeting control
GGAACGTCCAAGCAAGGGAGC,CGCATGCGCT,10,CCCTTGCTTG,10,CGCATGCGCTCCCTTGCTTG,non-targeting control
GGGGTGGTCATTCTCTACTTG,CGCATGCCAA,10,GTAGAGAATG,10,CGCATGCCAAGTAGAGAATG,non-targeting control
GAGTGAGTGACAACCAGATCG,CGCATGCCGA,10,TCTGGTTGTC,10,CGCATGCCGATCTGGTTGTC,non-targeting control
GGGAAACTGGGTTTCATCGTC,CGCATGCGAC,10,GATGAAACCC,10,CGCATGCGACGATGAAACCC,non-targeting control
GTATGACCCTGTTACATTGCC,CGCATGCGGC,10,AATGTAACAG,10,CGCATGCGGCAATGTAACAG,non-targeting control
GTGAGCATGTCGGGAGTAACT,CGCATGCAGT,10,TACTCCCGAC,10,CGCATGCAGTTACTCCCGAC,non-targeting control
GCGGTGAGCCACACGAAGGAA,CGCATGCTTC,10,CTTCGTGTGG,10,CGCATGCTTCCTTCGTGTGG,non-targeting control
GTGGGGACGTTTATCAATATA,CGCATGCTAT,10,ATTGATAAAC,10,CGCATGCTATATTGATAAAC,non-targeting control
GGTTCATTTCCAAGTCCGCTG,CGCATGCCAG,10,CGGACTTGGA,10,CGCATGCCAGCGGACTTGGA,non-targeting control
GCGTCCCTTCGTCTCTGCTTA,CGCATGCTAA,10,GCAGAGACGA,10,CGCATGCTAAGCAGAGACGA,non-targeting control
GTGCATGCCGAGCATTTTCAA,CGCATGCTTG,10,AAAATGCTCG,10,CGCATGCTTGAAAATGCTCG,non-targeting control
GGTTTTTGGTTAATTGCCTAC,CGCATGCGTA,10,GGCAATTAAC,10,CGCATGCGTAGGCAATTAAC,non-targeting control
GCGGGTTATGTGATGCCATCT,CGCATGCAGA,10,TGGCATCACA,10,CGCATGCAGATGGCATCACA,non-targeting control
GCATTAGCAGCCCAGCGCCCA,CGCATGCTGG,10,GCGCTGGGCT,10,CGCATGCTGGGCGCTGGGCT,non-targeting control
GATCAGCCCATTTCTGCGCAC,CGCATGCGTG,10,CGCAGAAATG,10,CGCATGCGTGCGCAGAAATG,non-targeting control
GGTGAAACAGAGGGTCCATCA,CGCATGCTGA,10,TGGACCCTCT,10,CGCATGCTGATGGACCCTCT,non-targeting control
GCGTAGTAAATATCTAGCTAA,CGCATGCTTA,10,GCTAGATATT,10,CGCATGCTTAGCTAGATATT,non-targeting control
GATTAAACGACACCTTATTCT,CGCATGCAGA,10,ATAAGGTGTC,10,CGCATGCAGAATAAGGTGTC,non-targeting control
GCCCTCAGGAGCTACTAAGGT,CGCATGCACC,10,TTAGTAGCTC,10,CGCATGCACCTTAGTAGCTC,non-targeting control
GGAGGGGGCTTCAAACATGTG,CGCATGCCAC,10,ATGTTTGAAG,10,CGCATGCCACATGTTTGAAG,non-targeting control
GTCGCAAGGAAGCCAGCTAAG,CGCATGCCTT,10,AGCTGGCTTC,10,CGCATGCCTTAGCTGGCTTC,non-targeting control
GCGGAGCTTAGCGTGGGGGCG,CGCATGCCGC,10,CCCCACGCTA,10,CGCATGCCGCCCCCACGCTA,non-targeting control
GGCTCCCATCCATAGTAAAAA,CGCATGCTTT,10,TTACTATGGA,10,CGCATGCTTTTTACTATGGA,non-targeting control
GTGACTAGCTCTTACATATTC,CGCATGCGAA,10,TATGTAAGAG,10,CGCATGCGAATATGTAAGAG,non-targeting control
GCCTTATGGAATCAGACCGTT,CGCATGCAAC,10,GGTCTGATTC,10,CGCATGCAACGGTCTGATTC,non-targeting control
GCGTCAAGTATTAAGCTGCTT,CGCATGCAAG,10,CAGCTTAATA,10,CGCATGCAAGCAGCTTAATA,non-targeting control
GATAGCGGATGTCCTTGGAAA,CGCATGCTTT,10,CCAAGGACAT,10,CGCATGCTTTCCAAGGACAT,non-targeting control
GACGCATGCTTCCCAAAGCGT,CGCATGCACG,10,CTTTGGGAAG,10,CGCATGCACGCTTTGGGAAG,non-targeting control
GAGTATTAGGTACCTGCCCTA,CGCATGCTAG,10,GGCAGGTACC,10,CGCATGCTAGGGCAGGTACC,non-targeting control
GTAGAGTGCATAAGAGAACCA,CGCATGCTGG,10,TTCTCTTATG,10,CGCATGCTGGTTCTCTTATG,non-targeting control
GAGTGTATCTTCCACCTGTCT,CGCATGCAGA,10,CAGGTGGAAG,10,CGCATGCAGACAGGTGGAAG,non-targeting control
GAGTATGAGACTCATAGGGTG,CGCATGCCAC,10,CCTATGAGTC,10,CGCATGCCACCCTATGAGTC,non-targeting control
GGAGTTTCTAGTAGTGGTAGG,CGCATGCCCT,10,ACCACTACTA,10,CGCATGCCCTACCACTACTA,non-targeting control
GGAAACGAGAAGTTTGTACTA,CGCATGCTAG,10,TACAAACTTC,10,CGCATGCTAGTACAAACTTC,non-targeting control
GAGCCCGCCACAGAATAGCTG,CGCATGCCAG,10,CTATTCTGTG,10,CGCATGCCAGCTATTCTGTG,non-targeting control
GGTTGATCGAAAATGGGAGAA,CGCATGCTTC,10,TCCCATTTTC,10,CGCATGCTTCTCCCATTTTC,non-targeting control
GTAGGGGATTAGCTGACAGTC,CGCATGCGAC,10,TGTCAGCTAA,10,CGCATGCGACTGTCAGCTAA,non-targeting control
GGCTTGCATAATTCTGGCCAG,CGCATGCCTG,10,GCCAGAATTA,10,CGCATGCCTGGCCAGAATTA,non-targeting control
GGCTAAGGTCATGTTTGCAAT,CGCATGCATT,10,GCAAACATGA,10,CGCATGCATTGCAAACATGA,non-targeting control
GGACACTATCCAACCCAAGAG,CGCATGCCTC,10,TTGGGTTGGA,10,CGCATGCCTCTTGGGTTGGA,non-targeting control
GGAGTTATTTATTCTCTCGAG,CGCATGCCTC,10,GAGAGAATAA,10,CGCATGCCTCGAGAGAATAA,non-targeting control
GCAGTCGTTTCTATGGGATCT,CGCATGCAGA,10,TCCCATAGAA,10,CGCATGCAGATCCCATAGAA,non-targeting control
GAAAATCGATGGGCTGAATCT,CGCATGCAGA,10,TTCAGCCCAT,10,CGCATGCAGATTCAGCCCAT,non-targeting control
GGTTCTGCCACCGACTTGGCC,CGCATGCGGC,10,CAAGTCGGTG,10,CGCATGCGGCCAAGTCGGTG,non-targeting control
GGACGCCTTGCCCGGCTCACA,CGCATGCTGT,10,GAGCCGGGCA,10,CGCATGCTGTGAGCCGGGCA,non-targeting control
GATTTAGTAATGCACACCCAG,CGCATGCCTG,10,GGTGTGCATT,10,CGCATGCCTGGGTGTGCATT,non-targeting control
GTAGTTCTAATCGTTCCTTGA,CGCATGCTCA,10,AGGAACGATT,10,CGCATGCTCAAGGAACGATT,non-targeting control
GCTTTTCAGCTGAGACGTACG,CGCATGCCGT,10,ACGTCTCAGC,10,CGCATGCCGTACGTCTCAGC,non-targeting control
GCACCCTTATATTCAGTAACT,CGCATGCAGT,10,TACTGAATAT,10,CGCATGCAGTTACTGAATAT,non-targeting control
GTGCCCACTTAGCAACACTCT,CGCATGCAGA,10,GTGTTGCTAA,10,CGCATGCAGAGTGTTGCTAA,non-targeting control
GCACTGCAGTATTCGTGGCCT,CGCATGCAGG,10,CCACGAATAC,10,CGCATGCAGGCCACGAATAC,non-targeting control
GTGCCTCTCCCTTACCCGGAC,CGCATGCGTC,10,CGGGTAAGGG,10,CGCATGCGTCCGGGTAAGGG,non-targeting control
GAGAGCATGATGACCCGTGAC,CGCATGCGTC,10,ACGGGTCATC,10,CGCATGCGTCACGGGTCATC,non-targeting control
GGGTGTCACCACCGCTTACCA,CGCATGCTGG,10,TAAGCGGTGG,10,CGCATGCTGGTAAGCGGTGG,non-targeting control
GCAGCCTATTTTGCTACCTAC,CGCATGCGTA,10,GGTAGCAAAA,10,CGCATGCGTAGGTAGCAAAA,non-targeting control
GGCCAGCGGGGATATGGTGAA,CGCATGCTTC,10,ACCATATCCC,10,CGCATGCTTCACCATATCCC,non-targeting control
GACGCTCTCCTGGCAACAAGT,CGCATGCACT,10,TGTTGCCAGG,10,CGCATGCACTTGTTGCCAGG,non-targeting control
GTGGAGAAACGAGGTGTAATA,CGCATGCTAT,10,TACACCTCGT,10,CGCATGCTATTACACCTCGT,non-targeting control
GTATAGACCTCCCAAATACAT,CGCATGCATG,10,TATTTGGGAG,10,CGCATGCATGTATTTGGGAG,non-targeting control
GGGCGTTAATTAAACTGTTTT,CGCATGCAAA,10,ACAGTTTAAT,10,CGCATGCAAAACAGTTTAAT,non-targeting control
GCAGGGTTGCGCAGAGGACTC,CGCATGCGAG,10,TCCTCTGCGC,10,CGCATGCGAGTCCTCTGCGC,non-targeting control
GAAGTGACGGTGTCATGCGGG,CGCATGCCCC,10,GCATGACACC,10,CGCATGCCCCGCATGACACC,non-targeting control
GTGTCAGTAGTCAGGACCCCG,CGCATGCCGG,10,GGTCCTGACT,10,CGCATGCCGGGGTCCTGACT,non-targeting control
GGGAATCCGGAGCTCATGAGG,CGCATGCCCT,10,CATGAGCTCC,10,CGCATGCCCTCATGAGCTCC,non-targeting control
GCATTAAACCTTGCCCCACAA,CGCATGCTTG,10,TGGGGCAAGG,10,CGCATGCTTGTGGGGCAAGG,non-targeting control
GCGGCACTAGAAGTTTTTGAA,CGCATGCTTC,10,AAAAACTTCT,10,CGCATGCTTCAAAAACTTCT,non-targeting control
GCCAGTTATAATTAGGGGTTT,CGCATGCAAA,10,CCCCTAATTA,10,CGCATGCAAACCCCTAATTA,non-targeting control
GCCTCTCACCGACTCTGTGTC,CGCATGCGAC,10,ACAGAGTCGG,10,CGCATGCGACACAGAGTCGG,non-targeting control
GTAACCCAGAAGCCCATTCAG,CGCATGCCTG,10,AATGGGCTTC,10,CGCATGCCTGAATGGGCTTC,non-targeting control
GGCAGTACTACTGAGTTTTTC,CGCATGCGAA,10,AAACTCAGTA,10,CGCATGCGAAAAACTCAGTA,non-targeting control
GCGACCCATGGATGTGAACCC,CGCATGCGGG,10,TTCACATCCA,10,CGCATGCGGGTTCACATCCA,non-targeting control
GAGATGGTCAGATCTAGTAGT,CGCATGCACT,10,ACTAGATCTG,10,CGCATGCACTACTAGATCTG,non-targeting control
GCCACGATGCCACCTCATCCC,CGCATGCGGG,10,ATGAGGTGGC,10,CGCATGCGGGATGAGGTGGC,non-targeting control
GTAGTCCTTAGGGTGGGCTGA,CGCATGCTCA,10,GCCCACCCTA,10,CGCATGCTCAGCCCACCCTA,non-targeting control
GCGTGTGTGGGTAAACGGAAA,CGCATGCTTT,10,CCGTTTACCC,10,CGCATGCTTTCCGTTTACCC,non-targeting control
GCTCTGTGAGATGTCCCGAAA,CGCATGCTTT,10,CGGGACATCT,10,CGCATGCTTTCGGGACATCT,non-targeting control
GTTGGGGATTAACCCAGAGCC,CGCATGCGGC,10,TCTGGGTTAA,10,CGCATGCGGCTCTGGGTTAA,non-targeting control
GTTCCTAGAGTTGGCAGACGC,CGCATGCGCG,10,TCTGCCAACT,10,CGCATGCGCGTCTGCCAACT,non-targeting control
GGACAGTGAAATTAGCTCCCA,CGCATGCTGG,10,GAGCTAATTT,10,CGCATGCTGGGAGCTAATTT,non-targeting control
GTGTTCTACTTTCGAAGTTAA,CGCATGCTTA,10,ACTTCGAAAG,10,CGCATGCTTAACTTCGAAAG,non-targeting control
GGGGAGTTGATTGTTTCGAGA,CGCATGCTCT,10,CGAAACAATC,10,CGCATGCTCTCGAAACAATC,non-targeting control
GTAGAATTTGACCAAAGGCAC,CGCATGCGTG,10,CCTTTGGTCA,10,CGCATGCGTGCCTTTGGTCA,non-targeting control
GCTTCTAGCTGGTTCATTGCT,CGCATGCAGC,10,AATGAACCAG,10,CGCATGCAGCAATGAACCAG,non-targeting control
GCCCTGTGAAGGAGGCGTAAG,CGCATGCCTT,10,ACGCCTCCTT,10,CGCATGCCTTACGCCTCCTT,non-targeting control
GCAAGCATTTAGACACCTGTC,CGCATGCGAC,10,AGGTGTCTAA,10,CGCATGCGACAGGTGTCTAA,non-targeting control
GGTGTATGAATGTTAATTCCG,CGCATGCCGG,10,AATTAACATT,10,CGCATGCCGGAATTAACATT,non-targeting control
GCGGCCAAAGAATTAGAAGTT,CGCATGCAAC,10,TTCTAATTCT,10,CGCATGCAACTTCTAATTCT,non-targeting control
GGGACTTTAGTTCCAGTGGTT,CGCATGCAAC,10,CACTGGAACT,10,CGCATGCAACCACTGGAACT,non-targeting control
GTGAACGGTGAAGAGATAGGG,CGCATGCCCC,10,TATCTCTTCA,10,CGCATGCCCCTATCTCTTCA,non-targeting control
GAGCCGGCTTGTGACAGTGAA,CGCATGCTTC,10,ACTGTCACAA,10,CGCATGCTTCACTGTCACAA,non-targeting control
GCCAAAAAGATGAATATCTCG,CGCATGCCGA,10,GATATTCATC,10,CGCATGCCGAGATATTCATC,non-targeting control
GGATTCATACTAAACACTCTA,CGCATGCTAG,10,AGTGTTTAGT,10,CGCATGCTAGAGTGTTTAGT,non-targeting control
GATTTATAAACACAGGGTCGC,CGCATGCGCG,10,ACCCTGTGTT,10,CGCATGCGCGACCCTGTGTT,non-targeting control
GAGGGGCAGGGCTATCTTATG,CGCATGCCAT,10,AAGATAGCCC,10,CGCATGCCATAAGATAGCCC,non-targeting control
GGTAAACTTTGTCTGGAGTAT,CGCATGCATA,10,CTCCAGACAA,10,CGCATGCATACTCCAGACAA,non-targeting control
GGAATAGATTTGTCAGTTAGG,CGCATGCCCT,10,AACTGACAAA,10,CGCATGCCCTAACTGACAAA,non-targeting control
GAGTTCTGTTCGATAGATGCC,CGCATGCGGC,10,ATCTATCGAA,10,CGCATGCGGCATCTATCGAA,non-targeting control
GGTGATAATGATGTATTCTCG,CGCATGCCGA,10,GAATACATCA,10,CGCATGCCGAGAATACATCA,non-targeting control
GTCCTCACCTAAAGTGCAATA,CGCATGCTAT,10,TGCACTTTAG,10,CGCATGCTATTGCACTTTAG,non-targeting control
GGTTTTCAGTTGCCCAACAGC,CGCATGCGCT,10,GTTGGGCAAC,10,CGCATGCGCTGTTGGGCAAC,non-targeting control
GCGCGCAGAAGGCAAGCAGGG,CGCATGCCCC,10,TGCTTGCCTT,10,CGCATGCCCCTGCTTGCCTT,non-targeting control
GATTTTCGAAAGCTTAGGCCA,CGCATGCTGG,10,CCTAAGCTTT,10,CGCATGCTGGCCTAAGCTTT,non-targeting control
GGTTTCGAAACTTGAAGTAAG,CGCATGCCTT,10,ACTTCAAGTT,10,CGCATGCCTTACTTCAAGTT,non-targeting control
GCTAACATGAGTACATAGATA,CGCATGCTAT,10,CTATGTACTC,10,CGCATGCTATCTATGTACTC,non-targeting control
GACCACTAATGAGATTCTTGT,CGCATGCACA,10,AGAATCTCAT,10,CGCATGCACAAGAATCTCAT,non-targeting control
GAGGATGCTGAACAAGTACGT,CGCATGCACG,10,TACTTGTTCA,10,CGCATGCACGTACTTGTTCA,non-targeting control
GTTCTAAGCGCCCTGGGGACA,CGCATGCTGT,10,CCCCAGGGCG,10,CGCATGCTGTCCCCAGGGCG,non-targeting control
GATCCTAGGTACAAAAGGACG,CGCATGCCGT,10,CCTTTTGTAC,10,CGCATGCCGTCCTTTTGTAC,non-targeting control
GGTATTACTGATATTGGTGGG,CGCATGCCCC,10,ACCAATATCA,10,CGCATGCCCCACCAATATCA,non-targeting control
GCTCATGAGTCGTTTCTTTCA,CGCATGCTGA,10,AAGAAACGAC,10,CGCATGCTGAAAGAAACGAC,non-targeting control
GCTTAAGGCGAGAAAAATTAG,CGCATGCCTA,10,ATTTTTCTCG,10,CGCATGCCTAATTTTTCTCG,non-targeting control
GTTAACGCCTTATTTTTATGT,CGCATGCACA,10,TAAAAATAAG,10,CGCATGCACATAAAAATAAG,non-targeting control
GGGATGTTTCTGTGCGCACAT,CGCATGCATG,10,TGCGCACAGA,10,CGCATGCATGTGCGCACAGA,non-targeting control
GTCAGTATCGGCTGCTGGTAA,CGCATGCTTA,10,CCAGCAGCCG,10,CGCATGCTTACCAGCAGCCG,non-targeting control
GGTCAAGAGATTATGAGATTC,CGCATGCGAA,10,TCTCATAATC,10,CGCATGCGAATCTCATAATC,non-targeting control
GCAGACCCAGTAAAACCACCA,CGCATGCTGG,10,TGGTTTTACT,10,CGCATGCTGGTGGTTTTACT,non-targeting control
GCACCATAGAACCTGAAATAC,CGCATGCGTA,10,TTTCAGGTTC,10,CGCATGCGTATTTCAGGTTC,non-targeting control
GAGCTGAAAATATACGTATTC,CGCATGCGAA,10,TACGTATATT,10,CGCATGCGAATACGTATATT,non-targeting control
GTCTATTTTGTCTGCGCAGAA,CGCATGCTTC,10,TGCGCAGACA,10,CGCATGCTTCTGCGCAGACA,non-targeting control
GGCTTTTTCCAGCGAGAGCAA,CGCATGCTTG,10,CTCTCGCTGG,10,CGCATGCTTGCTCTCGCTGG,non-targeting control
GGGATTAATTCGCTAAATGAT,CGCATGCATC,10,ATTTAGCGAA,10,CGCATGCATCATTTAGCGAA,non-targeting control
GATAAGCTACTCTGAGTTCCT,CGCATGCAGG,10,AACTCAGAGT,10,CGCATGCAGGAACTCAGAGT,non-targeting control
GGTGAACTGCAATCTTATTAT,CGCATGCATA,10,ATAAGATTGC,10,CGCATGCATAATAAGATTGC,non-targeting control
GGATTTTAGCTTAGGTCTTAC,CGCATGCGTA,10,AGACCTAAGC,10,CGCATGCGTAAGACCTAAGC,non-targeting control
GATGCAAGACAGCCTCCCAGC,CGCATGCGCT,10,GGGAGGCTGT,10,CGCATGCGCTGGGAGGCTGT,non-targeting control
GTGTAGTCTGGGGTAGACTCC,CGCATGCGGA,10,GTCTACCCCA,10,CGCATGCGGAGTCTACCCCA,non-targeting control
GGACGAGGGCGGCAGAGCAGT,CGCATGCACT,10,GCTCTGCCGC,10,CGCATGCACTGCTCTGCCGC,non-targeting control
GGGACCAACTCCCCTGCCCAC,CGCATGCGTG,10,GGCAGGGGAG,10,CGCATGCGTGGGCAGGGGAG,non-targeting control
GGGGGCAGGGACCGAGTATCC,CGCATGCGGA,10,TACTCGGTCC,10,CGCATGCGGATACTCGGTCC,non-targeting control
GCTGCCCTCTTGAAATAGCCA,CGCATGCTGG,10,CTATTTCAAG,10,CGCATGCTGGCTATTTCAAG,non-targeting control
GAGGGATCGTTAGGAAGGGAA,CGCATGCTTC,10,CCTTCCTAAC,10,CGCATGCTTCCCTTCCTAAC,non-targeting control
GTGAGTCTTACTAGGTCCTGT,CGCATGCACA,10,GGACCTAGTA,10,CGCATGCACAGGACCTAGTA,non-targeting control
GCACATAACATGAGGTATCAG,CGCATGCCTG,10,ATACCTCATG,10,CGCATGCCTGATACCTCATG,non-targeting control
GCTTCCTGCGTGGCTTTAAAC,CGCATGCGTT,10,TAAAGCCACG,10,CGCATGCGTTTAAAGCCACG,non-targeting control
GATAGCTAAAGTTGATGTGTA,CGCATGCTAC,10,ACATCAACTT,10,CGCATGCTACACATCAACTT,non-targeting control
GCTTAACACTTTAGTGCGTCA,CGCATGCTGA,10,CGCACTAAAG,10,CGCATGCTGACGCACTAAAG,non-targeting control
GCTTATTACTCCAGTATAAGA,CGCATGCTCT,10,TATACTGGAG,10,CGCATGCTCTTATACTGGAG,non-targeting control
GAGGGAAACCTCTATGGGTAA,CGCATGCTTA,10,CCCATAGAGG,10,CGCATGCTTACCCATAGAGG,non-targeting control
GAAGCCATTGTATAACTCCAG,CGCATGCCTG,10,GAGTTATACA,10,CGCATGCCTGGAGTTATACA,non-targeting control
GTGCAAGGACCTGGTATGAAC,CGCATGCGTT,10,CATACCAGGT,10,CGCATGCGTTCATACCAGGT,non-targeting control
GCCAGAGCCTTGGTTTATATC,CGCATGCGAT,10,ATAAACCAAG,10,CGCATGCGATATAAACCAAG,non-targeting control
GGCTGGAGAGACAATTCTACT,CGCATGCAGT,10,AGAATTGTCT,10,CGCATGCAGTAGAATTGTCT,non-targeting control
GTGTAGATATAGGGTGTCTAC,CGCATGCGTA,10,GACACCCTAT,10,CGCATGCGTAGACACCCTAT,non-targeting control
GGCGAATGCCTGAAAGTATAA,CGCATGCTTA,10,TACTTTCAGG,10,CGCATGCTTATACTTTCAGG,non-targeting control
GATACTCTCACAGGTACATAA,CGCATGCTTA,10,TGTACCTGTG,10,CGCATGCTTATGTACCTGTG,non-targeting control
GATGGAAGAGCGTCATGACTT,CGCATGCAAG,10,TCATGACGCT,10,CGCATGCAAGTCATGACGCT,non-targeting control
GTTGCAATGCTGCTATAGAAG,CGCATGCCTT,10,CTATAGCAGC,10,CGCATGCCTTCTATAGCAGC,non-targeting control
GAAGGCAATTTACTGGATCCT,CGCATGCAGG,10,ATCCAGTAAA,10,CGCATGCAGGATCCAGTAAA,non-targeting control
GCTGCACTGTGGAGACGCCCG,CGCATGCCGG,10,GCGTCTCCAC,10,CGCATGCCGGGCGTCTCCAC,non-targeting control
GAGGACACAGGATACGCAGCT,CGCATGCAGC,10,TGCGTATCCT,10,CGCATGCAGCTGCGTATCCT,non-targeting control
GTGCTCACTCCACTCCTCAAC,CGCATGCGTT,10,GAGGAGTGGA,10,CGCATGCGTTGAGGAGTGGA,non-targeting control
GGGAGAGGAAAATCGGCACAG,CGCATGCCTG,10,TGCCGATTTT,10,CGCATGCCTGTGCCGATTTT,non-targeting control
GGCACAAAACCAGCAATGGTC,CGCATGCGAC,10,CATTGCTGGT,10,CGCATGCGACCATTGCTGGT,non-targeting control
GAGCTTAATGTGCAGGTCAGA,CGCATGCTCT,10,GACCTGCACA,10,CGCATGCTCTGACCTGCACA,non-targeting control
GACTAGGGCAGTGTGTCTGCA,CGCATGCTGC,10,AGACACACTG,10,CGCATGCTGCAGACACACTG,non-targeting control
GCTCCCAGTACCAGTCAGTTC,CGCATGCGAA,10,CTGACTGGTA,10,CGCATGCGAACTGACTGGTA,non-targeting control
GTCAGGATCAGGGTGTATGGC,CGCATGCGCC,10,ATACACCCTG,10,CGCATGCGCCATACACCCTG,non-targeting control
GGGGAGGTGGCTTTAGGTTTT,CGCATGCAAA,10,ACCTAAAGCC,10,CGCATGCAAAACCTAAAGCC,non-targeting control
GAGGATGGATTGAGCAGCGGT,CGCATGCACC,10,GCTGCTCAAT,10,CGCATGCACCGCTGCTCAAT,non-targeting control
GAACAGGAAACGTGACTAAAG,CGCATGCCTT,10,TAGTCACGTT,10,CGCATGCCTTTAGTCACGTT,non-targeting control
GCTGGCTTATTAGCTATAAAG,CGCATGCCTT,10,TATAGCTAAT,10,CGCATGCCTTTATAGCTAAT,non-targeting control
GGCAAAAGTGGCATAAAACCG,CGCATGCCGG,10,TTTTATGCCA,10,CGCATGCCGGTTTTATGCCA,non-targeting control
GACAAAAAACTACGGTGATTA,CGCATGCTAA,10,TCACCGTAGT,10,CGCATGCTAATCACCGTAGT,non-targeting control
GTGACACATTGGCTGGGTGTT,CGCATGCAAC,10,ACCCAGCCAA,10,CGCATGCAACACCCAGCCAA,non-targeting control
GATGATATCTGACATGCAGCG,CGCATGCCGC,10,TGCATGTCAG,10,CGCATGCCGCTGCATGTCAG,non-targeting control
GAGAATGCCATCTAGTTAGTA,CGCATGCTAC,10,TAACTAGATG,10,CGCATGCTACTAACTAGATG,non-targeting control
GTTGGCCTGGAATTTAGGATC,CGCATGCGAT,10,CCTAAATTCC,10,CGCATGCGATCCTAAATTCC,non-targeting control
GTCTGAAAAATAGGCCCAACC,CGCATGCGGT,10,TGGGCCTATT,10,CGCATGCGGTTGGGCCTATT,non-targeting control
GGTGGGGTAGTCTGTTGCTCG,CGCATGCCGA,10,GCAACAGACT,10,CGCATGCCGAGCAACAGACT,non-targeting control
GGAGCAGCTGTCAGGTCTTGT,CGCATGCACA,10,AGACCTGACA,10,CGCATGCACAAGACCTGACA,non-targeting control
GCATGGCATAAGTATAAGACA,CGCATGCTGT,10,CTTATACTTA,10,CGCATGCTGTCTTATACTTA,non-targeting control
GGCCTGGGTTTTGGTGCATAC,CGCATGCGTA,10,TGCACCAAAA,10,CGCATGCGTATGCACCAAAA,non-targeting control
GGCACTTTGTTTGGCCTACTG,CGCATGCCAG,10,TAGGCCAAAC,10,CGCATGCCAGTAGGCCAAAC,non-targeting control
GTAGATCGAGTTTATTTTCCT,CGCATGCAGG,10,AAAATAAACT,10,CGCATGCAGGAAAATAAACT,non-targeting control
GCTCTTTTGAGATTGACAAGT,CGCATGCACT,10,TGTCAATCTC,10,CGCATGCACTTGTCAATCTC,non-targeting control
GTTGCAGCCACTCCTGCAATA,CGCATGCTAT,10,TGCAGGAGTG,10,CGCATGCTATTGCAGGAGTG,non-targeting control
GGAACTCAACCAGAGGGCCAA,CGCATGCTTG,10,GCCCTCTGGT,10,CGCATGCTTGGCCCTCTGGT,non-targeting control
GTATCTCTGCATAAAAGTGCC,CGCATGCGGC,10,ACTTTTATGC,10,CGCATGCGGCACTTTTATGC,non-targeting control
GCAAATGCCATTTAGGTTATC,CGCATGCGAT,10,AACCTAAATG,10,CGCATGCGATAACCTAAATG,non-targeting control
GGCACGAGGTGAACAGCCGCT,CGCATGCAGC,10,GGCTGTTCAC,10,CGCATGCAGCGGCTGTTCAC,non-targeting control
GGTGAGATGCACCTTTTGGCC,CGCATGCGGC,10,CAAAAGGTGC,10,CGCATGCGGCCAAAAGGTGC,non-targeting control
GTGGCAGTGGAAAATCTGCGG,CGCATGCCCG,10,CAGATTTTCC,10,CGCATGCCCGCAGATTTTCC,non-targeting control
GTCATGCTTGCTTGGGCAAAA,CGCATGCTTT,10,TGCCCAAGCA,10,CGCATGCTTTTGCCCAAGCA,non-targeting control
GTGACCTCTGAGGAATTCACA,CGCATGCTGT,10,GAATTCCTCA,10,CGCATGCTGTGAATTCCTCA,non-targeting control
GAATTTATCGTCAACATTAAT,CGCATGCATT,10,AATGTTGACG,10,CGCATGCATTAATGTTGACG,non-targeting control
GAAACTGTAGTGCAGGGTCAG,CGCATGCCTG,10,ACCCTGCACT,10,CGCATGCCTGACCCTGCACT,non-targeting control
GAAGTGTGTGCATAGCAGGGT,CGCATGCACC,10,CTGCTATGCA,10,CGCATGCACCCTGCTATGCA,non-targeting control
GGCAATGCAATCGCAGGAGCA,CGCATGCTGC,10,TCCTGCGATT,10,CGCATGCTGCTCCTGCGATT,non-targeting control
GGGTCCCTCTGGCTGGGTTAA,CGCATGCTTA,10,ACCCAGCCAG,10,CGCATGCTTAACCCAGCCAG,non-targeting control
GGAGCTTAGCAAAGGGTTGGG,CGCATGCCCC,10,AACCCTTTGC,10,CGCATGCCCCAACCCTTTGC,non-targeting control
GAACTACAAGTAAAAGTATCG,CGCATGCCGA,10,TACTTTTACT,10,CGCATGCCGATACTTTTACT,non-targeting control
GTTATATGGTTTTAAACGGCT,CGCATGCAGC,10,CGTTTAAAAC,10,CGCATGCAGCCGTTTAAAAC,non-targeting control
GGAGGACCTTAAGGTGACATG,CGCATGCCAT,10,GTCACCTTAA,10,CGCATGCCATGTCACCTTAA,non-targeting control
GCTTAAGTCATGAGCAAAGAT,CGCATGCATC,10,TTTGCTCATG,10,CGCATGCATCTTTGCTCATG,non-targeting control
GAAACGAGATCGAGAAAGGTA,CGCATGCTAC,10,CTTTCTCGAT,10,CGCATGCTACCTTTCTCGAT,non-targeting control
GATCTGCCATGGCGTCCTGGC,CGCATGCGCC,10,AGGACGCCAT,10,CGCATGCGCCAGGACGCCAT,non-targeting control
GAGTGCTACTGAAACTTGCCT,CGCATGCAGG,10,CAAGTTTCAG,10,CGCATGCAGGCAAGTTTCAG,non-targeting control
GAGTGTTTGAAAAAAGGGCGG,CGCATGCCCG,10,CCCTTTTTTC,10,CGCATGCCCGCCCTTTTTTC,non-targeting control
GCCAGAAAGCCTCTCCATTAC,CGCATGCGTA,10,ATGGAGAGGC,10,CGCATGCGTAATGGAGAGGC,non-targeting control
GTCCTGCCAAGAAACACCCTT,CGCATGCAAG,10,GGTGTTTCTT,10,CGCATGCAAGGGTGTTTCTT,non-targeting control
GGACCTTCATTGAAGAAAAGC,CGCATGCGCT,10,TTTCTTCAAT,10,CGCATGCGCTTTTCTTCAAT,non-targeting control
GGAGATGATAACTTAATTTGT,CGCATGCACA,10,AATTAAGTTA,10,CGCATGCACAAATTAAGTTA,non-targeting control
GAAGAGATCACATCTAGGCCA,CGCATGCTGG,10,CCTAGATGTG,10,CGCATGCTGGCCTAGATGTG,non-targeting control
GGTTAGGAATAAAAGCTTTGA,CGCATGCTCA,10,AAGCTTTTAT,10,CGCATGCTCAAAGCTTTTAT,non-targeting control
GACTTCCCACTTCTTAGGTTG,CGCATGCCAA,10,CCTAAGAAGT,10,CGCATGCCAACCTAAGAAGT,non-targeting control
GCCATTCACAATCCCACTACA,CGCATGCTGT,10,AGTGGGATTG,10,CGCATGCTGTAGTGGGATTG,non-targeting control
GTGTTTTGCATGTTGCATAGG,CGCATGCCCT,10,ATGCAACATG,10,CGCATGCCCTATGCAACATG,non-targeting control
GTAAGCCTCATGAAGGAGGGG,CGCATGCCCC,10,CTCCTTCATG,10,CGCATGCCCCCTCCTTCATG,non-targeting control
GGGTACTGGAAGTCCGAAACC,CGCATGCGGT,10,TTCGGACTTC,10,CGCATGCGGTTTCGGACTTC,non-targeting control
GAAATAATATGCATCTCTCGA,CGCATGCTCG,10,AGAGATGCAT,10,CGCATGCTCGAGAGATGCAT,non-targeting control
GAGCTGGACTCTGTAGAAATC,CGCATGCGAT,10,TTCTACAGAG,10,CGCATGCGATTTCTACAGAG,non-targeting control
GCCTAACCCCTGGCCAGGAAG,CGCATGCCTT,10,CCTGGCCAGG,10,CGCATGCCTTCCTGGCCAGG,non-targeting control
GAACCACGGCATTGAGAGGTG,CGCATGCCAC,10,CTCTCAATGC,10,CGCATGCCACCTCTCAATGC,non-targeting control
GAGTACCCCTAGGTATGGGGA,CGCATGCTCC,10,CCATACCTAG,10,CGCATGCTCCCCATACCTAG,non-targeting control
GCCTCTGGAAGGACACTTCTG,CGCATGCCAG,10,AAGTGTCCTT,10,CGCATGCCAGAAGTGTCCTT,non-targeting control
GTCTACCTATTGTGGAATTTG,CGCATGCCAA,10,ATTCCACAAT,10,CGCATGCCAAATTCCACAAT,non-targeting control
GTACATGGTATAGTGTTTATT,CGCATGCAAT,10,AAACACTATA,10,CGCATGCAATAAACACTATA,non-targeting control
GTGCAACCTTCCTTTTCAGGA,CGCATGCTCC,10,TGAAAAGGAA,10,CGCATGCTCCTGAAAAGGAA,non-targeting control
GGGGCAGAAGTTGCTGTCCTG,CGCATGCCAG,10,GACAGCAACT,10,CGCATGCCAGGACAGCAACT,non-targeting control
GAGGAGTGTTATGAAAAGGCT,CGCATGCAGC,10,CTTTTCATAA,10,CGCATGCAGCCTTTTCATAA,non-targeting control
GACAGGTTCTTATTCATTGAC,CGCATGCGTC,10,AATGAATAAG,10,CGCATGCGTCAATGAATAAG,non-targeting control
GATCCATGTGGTTACAATATT,CGCATGCAAT,10,ATTGTAACCA,10,CGCATGCAATATTGTAACCA,non-targeting control
GGGGGAAACAAGTAGGCTTTG,CGCATGCCAA,10,AGCCTACTTG,10,CGCATGCCAAAGCCTACTTG,non-targeting control
GTCAAGGAGCCTTATTTCTTG,CGCATGCCAA,10,GAAATAAGGC,10,CGCATGCCAAGAAATAAGGC,non-targeting control
GAGAGGGATTGGGAGCTTGAC,CGCATGCGTC,10,AAGCTCCCAA,10,CGCATGCGTCAAGCTCCCAA,non-targeting control
GACTGCTGCTGACATCTCTTA,CGCATGCTAA,10,GAGATGTCAG,10,CGCATGCTAAGAGATGTCAG,non-targeting control
GTGGAGTGCACGCGAAAAGAA,CGCATGCTTC,10,TTTTCGCGTG,10,CGCATGCTTCTTTTCGCGTG,non-targeting control
GATCTACAATCCAGCCCTCTA,CGCATGCTAG,10,AGGGCTGGAT,10,CGCATGCTAGAGGGCTGGAT,non-targeting control
GTTTTACCTTGTTCACATGGA,CGCATGCTCC,10,ATGTGAACAA,10,CGCATGCTCCATGTGAACAA,non-targeting control
GGTAAATTAATGTAACTACCG,CGCATGCCGG,10,TAGTTACATT,10,CGCATGCCGGTAGTTACATT,non-targeting control
GATTAGGCCTTTTTCTTAACT,CGCATGCAGT,10,TAAGAAAAAG,10,CGCATGCAGTTAAGAAAAAG,non-targeting control
GTCCCTGCATTCATGGTTTTA,CGCATGCTAA,10,AACCATGAAT,10,CGCATGCTAAAACCATGAAT,non-targeting control
GTGTGAAAGTTTATGGTGTTA,CGCATGCTAA,10,CACCATAAAC,10,CGCATGCTAACACCATAAAC,non-targeting control
GGGAGTATAAAAAAGTGGTGT,CGCATGCACA,10,CCACTTTTTT,10,CGCATGCACACCACTTTTTT,non-targeting control
GGCTTTCAATTGCAAAAATAC,CGCATGCGTA,10,TTTTTGCAAT,10,CGCATGCGTATTTTTGCAAT,non-targeting control
GACTCAGCCATTTTATTAGAA,CGCATGCTTC,10,TAATAAAATG,10,CGCATGCTTCTAATAAAATG,non-targeting control
GAAAGACTTGCTCCAAAACAC,CGCATGCGTG,10,TTTTGGAGCA,10,CGCATGCGTGTTTTGGAGCA,non-targeting control
GGGCTCTGGGGCTCACGGACG,CGCATGCCGT,10,CCGTGAGCCC,10,CGCATGCCGTCCGTGAGCCC,non-targeting control
GACCCATGAGTTAAGTTTTCT,CGCATGCAGA,10,AAACTTAACT,10,CGCATGCAGAAAACTTAACT,non-targeting control
GTAAATTCAGACCACAGCTAA,CGCATGCTTA,10,GCTGTGGTCT,10,CGCATGCTTAGCTGTGGTCT,non-targeting control
GGGAATGTCCTAGGTTACTGA,CGCATGCTCA,10,GTAACCTAGG,10,CGCATGCTCAGTAACCTAGG,non-targeting control
GCTCTCTCCTACCTGTCCACC,CGCATGCGGT,10,GGACAGGTAG,10,CGCATGCGGTGGACAGGTAG,non-targeting control
GCCTTGAAATCAAATCAAACC,CGCATGCGGT,10,TTGATTTGAT,10,CGCATGCGGTTTGATTTGAT,non-targeting control
GAGGGTCAGTCTGTCCTTTTT,CGCATGCAAA,10,AAGGACAGAC,10,CGCATGCAAAAAGGACAGAC,non-targeting control
GCCTCTCCCAATCTACAGCTC,CGCATGCGAG,10,CTGTAGATTG,10,CGCATGCGAGCTGTAGATTG,non-targeting control
GGCAGCGAGATAACTTGACTC,CGCATGCGAG,10,TCAAGTTATC,10,CGCATGCGAGTCAAGTTATC,non-targeting control
GATCAAAGTGTCTGACTTATT,CGCATGCAAT,10,AAGTCAGACA,10,CGCATGCAATAAGTCAGACA,non-targeting control
GCAAATACAATTACTTATAGC,CGCATGCGCT,10,ATAAGTAATT,10,CGCATGCGCTATAAGTAATT,non-targeting control
GCAAAATCTAGCAATTTTTGG,CGCATGCCCA,10,AAAATTGCTA,10,CGCATGCCCAAAAATTGCTA,non-targeting control
GCTAAAATTTTTGCGTGTTTG,CGCATGCCAA,10,ACACGCAAAA,10,CGCATGCCAAACACGCAAAA,non-targeting control
GGCAAGGTCATGAAACCAAGC,CGCATGCGCT,10,TGGTTTCATG,10,CGCATGCGCTTGGTTTCATG,non-targeting control
GCGTGTAAAAATACCTTTCTA,CGCATGCTAG,10,AAAGGTATTT,10,CGCATGCTAGAAAGGTATTT,non-targeting control
GCTGTGTTGCTCCCCTCCCCT,CGCATGCAGG,10,GGAGGGGAGC,10,CGCATGCAGGGGAGGGGAGC,non-targeting control
GGTCTTCACAGGGTGCAACGA,CGCATGCTCG,10,TTGCACCCTG,10,CGCATGCTCGTTGCACCCTG,non-targeting control
GGCAAATTCAGACAGCTAATT,CGCATGCAAT,10,TAGCTGTCTG,10,CGCATGCAATTAGCTGTCTG,non-targeting control
GTTCCATTGGCTGGAATCTGA,CGCATGCTCA,10,GATTCCAGCC,10,CGCATGCTCAGATTCCAGCC,non-targeting control
GCTGAAGGTGTCTGGCAGAGC,CGCATGCGCT,10,CTGCCAGACA,10,CGCATGCGCTCTGCCAGACA,non-targeting control
GGTAATTTTATGAGTTAAGTG,CGCATGCCAC,10,TTAACTCATA,10,CGCATGCCACTTAACTCATA,non-targeting control
GTAGTACATGTGTGGTATTTA,CGCATGCTAA,10,ATACCACACA,10,CGCATGCTAAATACCACACA,non-targeting control
GAGTGTGGAAAAGCTAACAGA,CGCATGCTCT,10,GTTAGCTTTT,10,CGCATGCTCTGTTAGCTTTT,non-targeting control
GTGCCCCACCCCAGTGCTCAG,CGCATGCCTG,10,AGCACTGGGG,10,CGCATGCCTGAGCACTGGGG,non-targeting control
GGATCCTTCTCTTTTTGGTTT,CGCATGCAAA,10,CCAAAAAGAG,10,CGCATGCAAACCAAAAAGAG,non-targeting control
GTCGAGAGGAAAAACACACTG,CGCATGCCAG,10,TGTGTTTTTC,10,CGCATGCCAGTGTGTTTTTC,non-targeting control
GAATTTAAGCTTCGTAACTGG,CGCATGCCCA,10,GTTACGAAGC,10,CGCATGCCCAGTTACGAAGC,non-targeting control
GACTGCTGCTGTCTTCTAAAT,CGCATGCATT,10,TAGAAGACAG,10,CGCATGCATTTAGAAGACAG,non-targeting control
GGATCCAGCAATATTTCTTAA,CGCATGCTTA,10,AGAAATATTG,10,CGCATGCTTAAGAAATATTG,non-targeting control
GCCAGCCAAGAATCCAGCCCC,CGCATGCGGG,10,GCTGGATTCT,10,CGCATGCGGGGCTGGATTCT,non-targeting control
GCAGAGACAATGACATGTAGA,CGCATGCTCT,10,ACATGTCATT,10,CGCATGCTCTACATGTCATT,non-targeting control
GGGAACGAGGCAGTGACAGGG,CGCATGCCCC,10,TGTCACTGCC,10,CGCATGCCCCTGTCACTGCC,non-targeting control
GGCTAGTTTCTGTTAGCTCCT,CGCATGCAGG,10,AGCTAACAGA,10,CGCATGCAGGAGCTAACAGA,non-targeting control
GTTTGGCAGTACCTTTTATTA,CGCATGCTAA,10,TAAAAGGTAC,10,CGCATGCTAATAAAAGGTAC,non-targeting control
GAAAATAGCAGTAAACTCAAC,CGCATGCGTT,10,GAGTTTACTG,10,CGCATGCGTTGAGTTTACTG,non-targeting control
GTCAGCAAAGGACGAAACAAA,CGCATGCTTT,10,GTTTCGTCCT,10,CGCATGCTTTGTTTCGTCCT,non-targeting control
GAAGGACTGGAATATGGAGAG,CGCATGCCTC,10,TCCATATTCC,10,CGCATGCCTCTCCATATTCC,non-targeting control
GAGTTCCCAGAAATATATTGC,CGCATGCGCA,10,ATATATTTCT,10,CGCATGCGCAATATATTTCT,non-targeting control
GGTTTAAAGAAAGGGGCTAAG,CGCATGCCTT,10,AGCCCCTTTC,10,CGCATGCCTTAGCCCCTTTC,non-targeting control
GCCAGTTGCTCTGGGGGAACA,CGCATGCTGT,10,TCCCCCAGAG,10,CGCATGCTGTTCCCCCAGAG,non-targeting control
GGAAAGGCATAGTGAGAATGG,CGCATGCCCA,10,TTCTCACTAT,10,CGCATGCCCATTCTCACTAT,non-targeting control
GACTATTTAATATTGGTAAGT,CGCATGCACT,10,TACCAATATT,10,CGCATGCACTTACCAATATT,non-targeting control
GTCATCTTACATCTGGGAGAC,CGCATGCGTC,10,TCCCAGATGT,10,CGCATGCGTCTCCCAGATGT,non-targeting control
GCAAGTTTTCTGAAAGGCAAT,CGCATGCATT,10,GCCTTTCAGA,10,CGCATGCATTGCCTTTCAGA,non-targeting control
GAAAGATATAGCAAATTATGG,CGCATGCCCA,10,TAATTTGCTA,10,CGCATGCCCATAATTTGCTA,non-targeting control
GACCTTACAATAAGTTATATT,CGCATGCAAT,10,ATAACTTATT,10,CGCATGCAATATAACTTATT,non-targeting control
GTGTCATGCGTCACTTAGTGC,CGCATGCGCA,10,CTAAGTGACG,10,CGCATGCGCACTAAGTGACG,non-targeting control
GAAGTGACAGATGGGCAGGCG,CGCATGCCGC,10,CTGCCCATCT,10,CGCATGCCGCCTGCCCATCT,non-targeting control
GGGTCTCTGTACGGGCCGCCC,CGCATGCGGG,10,CGGCCCGTAC,10,CGCATGCGGGCGGCCCGTAC,non-targeting control
GTTGGATATTAATTAGACATG,CGCATGCCAT,10,GTCTAATTAA,10,CGCATGCCATGTCTAATTAA,non-targeting control
GGACTTCTAGAATATAAAAGA,CGCATGCTCT,10,TTTATATTCT,10,CGCATGCTCTTTTATATTCT,non-targeting control
GTTCCTAAGATTTTTAAGACT,CGCATGCAGT,10,CTTAAAAATC,10,CGCATGCAGTCTTAAAAATC,non-targeting control
GTAGTGGAAAATGAATATTGA,CGCATGCTCA,10,ATATTCATTT,10,CGCATGCTCAATATTCATTT,non-targeting control
GTTTTTAATACAAGGTAATCT,CGCATGCAGA,10,TTACCTTGTA,10,CGCATGCAGATTACCTTGTA,non-targeting control
GCGGGATGCAGCTGGAGAGGA,CGCATGCTCC,10,TCTCCAGCTG,10,CGCATGCTCCTCTCCAGCTG,non-targeting control
GTATAACGGTAATGGGATTCC,CGCATGCGGA,10,ATCCCATTAC,10,CGCATGCGGAATCCCATTAC,non-targeting control
GAAGAAGAATTGGGGATGATG,CGCATGCCAT,10,CATCCCCAAT,10,CGCATGCCATCATCCCCAAT,non-targeting control
GCAAAGGGGGAAGTGCAGGGA,CGCATGCTCC,10,CTGCACTTCC,10,CGCATGCTCCCTGCACTTCC,non-targeting control
GTAAAGCAGAAGAATATACAG,CGCATGCCTG,10,TATATTCTTC,10,CGCATGCCTGTATATTCTTC,non-targeting control
GATTTAGTAGACATTGGGTCT,CGCATGCAGA,10,CCCAATGTCT,10,CGCATGCAGACCCAATGTCT,non-targeting control
GGAGAAGGATGGAAATTAGAA,CGCATGCTTC,10,TAATTTCCAT,10,CGCATGCTTCTAATTTCCAT,non-targeting control
GGTGTAGTCCTAGCCATGGGG,CGCATGCCCC,10,CATGGCTAGG,10,CGCATGCCCCCATGGCTAGG,non-targeting control
GGCCCCGCCGCCCTCCCCTCC,CGCATGCGGA,10,GGGGAGGGCG,10,CGCATGCGGAGGGGAGGGCG,non-targeting control
GAAAGAAAGAGGAATAGTAGC,CGCATGCGCT,10,ACTATTCCTC,10,CGCATGCGCTACTATTCCTC,non-targeting control
GGAGAAGTGGGGAGCCATTGG,CGCATGCCCA,10,ATGGCTCCCC,10,CGCATGCCCAATGGCTCCCC,non-targeting control
GAGAAGAAAAAAATGTCTACG,CGCATGCCGT,10,AGACATTTTT,10,CGCATGCCGTAGACATTTTT,non-targeting control
GGACTGAAATCCAAGGACTGT,CGCATGCACA,10,GTCCTTGGAT,10,CGCATGCACAGTCCTTGGAT,non-targeting control
GATATTTTATGACATAAAAAT,CGCATGCATT,10,TTTATGTCAT,10,CGCATGCATTTTTATGTCAT,non-targeting control
GTAAACAAAAAGGAAATAGTT,CGCATGCAAC,10,TATTTCCTTT,10,CGCATGCAACTATTTCCTTT,non-targeting control
GTTTCCCATGATCATTTAGTG,CGCATGCCAC,10,TAAATGATCA,10,CGCATGCCACTAAATGATCA,non-targeting control
GCTGAGTGAAAAATAAAAGTT,CGCATGCAAC,10,TTTTATTTTT,10,CGCATGCAACTTTTATTTTT,non-targeting control
GGACAATCATGGTGAAAGCGG,CGCATGCCCG,10,CTTTCACCAT,10,CGCATGCCCGCTTTCACCAT,non-targeting control
